"advertiser_id","marketplace_id","dataset_id","impressions","idempotency_id","keyword_text","time_window_start","ad_group_id","placement","cost","clicks","currency","ad_id","match_type","campaign_id","keyword_id","partition_0","year","month","day","hour"
"A13QNOE6VGFFIN","ATVPDKIKX0DER","sp-traffic","-1","29371e95-fdd8-35d8-afc4-db0fad39b6e5","close-match","2025-03-10T20:00:00-07:00","398513900569823","Detail Page on-Amazon","0.0","0","USD","425864388680636","TARGETING_EXPRESSION_PREDEFINED","552544670745601","537248267280235","SpTrafficFirehoseNA","2025","03","11","17"
"A13QNOE6VGFFIN","ATVPDKIKX0DER","sp-traffic","-2","2316167d-ca46-3377-ad03-4bcf61f2c193","medical boot","2025-03-10T13:00:00-07:00","451170283859295","Other on-Amazon","0.0","0","USD","548840664702257","PHRASE","309713218251068","549558158536971","SpTrafficFirehoseNA","2025","03","11","09"
"A13QNOE6VGFFIN","ATVPDKIKX0DER","sp-traffic","-1","2f00c37d-c720-3dd9-bc00-7de23c6b32e2","ankle brace for women","2025-03-10T17:00:00-07:00","289252548450498","Detail Page on-Amazon","0.0","0","USD","489571014247913","BROAD","504272338352224","398295355828139","SpTrafficFirehoseNA","2025","03","15","12"
"A13QNOE6VGFFIN","ATVPDKIKX0DER","sp-traffic","-2","207187fc-2ed4-37cf-b288-382828e94888","substitutes","2025-03-10T21:00:00-07:00","352249005956704","Detail Page on-Amazon","0.0","0","USD","440684941119831","TARGETING_EXPRESSION_PREDEFINED","350274847571034","546863699482216","SpTrafficFirehoseNA","2025","03","11","19"
"A13QNOE6VGFFIN","ATVPDKIKX0DER","sp-traffic","1","20bfe661-1840-371a-9761-e06856792e42","ankle support","2025-03-10T15:00:00-07:00","289252548450498","Detail Page on-Amazon","0.0","0","USD","453017734840800","BROAD","504272338352224","407392584680530","SpTrafficFirehoseNA","2025","03","12","13"
"A13QNOE6VGFFIN","ATVPDKIKX0DER","sp-traffic","1","2487943b-0a76-35ef-ab3e-1e498d80e764","ankle air cast","2025-03-10T09:00:00-07:00","455985621226784","Other on-Amazon","0.0","0","USD","478815653293014","EXACT","345013813117226","468876876682965","SpTrafficFirehoseNA","2025","03","10","18"
"A13QNOE6VGFFIN","ATVPDKIKX0DER","sp-traffic","1","287b558e-b75d-3779-9d14-5b4c7fabb794","loose-match","2025-03-10T14:00:00-07:00","336461794962230","Top of Search on-Amazon","0.93","1","USD","337172483061580","TARGETING_EXPRESSION_PREDEFINED","371853015773578","335529496446247","SpTrafficFirehoseNA","2025","03","10","22"
"A13QNOE6VGFFIN","ATVPDKIKX0DER","sp-traffic","2","208ede1b-54a2-3efa-b333-3e6dd4515922","loose-match","2025-03-10T06:00:00-07:00","436938301127453","Top of Search on-Amazon","0.0","0","USD","562125943078505","TARGETING_EXPRESSION_PREDEFINED","347368868613283","517053088679972","SpTrafficFirehoseNA","2025","03","10","15"
"A13QNOE6VGFFIN","ATVPDKIKX0DER","sp-traffic","1","24c5b565-e0f8-3fb9-a35c-17eb50b2ff59","injury boot","2025-03-10T17:00:00-07:00","451170283859295","Other on-Amazon","0.0","0","USD","548840664702257","BROAD","309713218251068","556905550022307","SpTrafficFirehoseNA","2025","03","11","02"
"A13QNOE6VGFFIN","ATVPDKIKX0DER","sp-traffic","5","2e85e8a6-a8d7-3e53-872c-28f8840c06f9","shoulder brace","2025-03-10T15:00:00-07:00","559044882217972","Detail Page on-Amazon","0.0","0","USD","294016556044647","PHRASE","470643376311341","349483901837874","SpTrafficFirehoseNA","2025","03","10","23"
"A13QNOE6VGFFIN","ATVPDKIKX0DER","sp-traffic","-1","27579655-e4b3-37e8-9675-77b645cec2e2","close-match","2025-03-10T22:00:00-07:00","302977388432024","Detail Page on-Amazon","0.0","0","USD","404282139612880","TARGETING_EXPRESSION_PREDEFINED","510681110202433","435689403854064","SpTrafficFirehoseNA","2025","03","17","15"
"A13QNOE6VGFFIN","ATVPDKIKX0DER","sp-traffic","-1","2696e889-ce37-3bf4-8d22-9addaf2cd474","medical shoe","2025-03-10T20:00:00-07:00","561162779337470","Detail Page on-Amazon","0.0","0","USD","424059339647571","PHRASE","432440828107745","435474772826108","SpTrafficFirehoseNA","2025","03","11","13"
"A13QNOE6VGFFIN","ATVPDKIKX0DER","sp-traffic","1","26627453-896e-3270-9c30-42b07d154e33","ankle stirrup brace","2025-03-10T11:00:00-07:00","455985621226784","Detail Page on-Amazon","0.0","0","USD","478815653293014","EXACT","345013813117226","514747168789643","SpTrafficFirehoseNA","2025","03","10","19"
"A13QNOE6VGFFIN","ATVPDKIKX0DER","sp-traffic","1","272f2629-6f4d-36f2-ad65-ac8a1999035c","ankle brace for women","2025-03-10T11:00:00-07:00","289252548450498","Detail Page on-Amazon","0.0","0","USD","489571014247913","PHRASE","504272338352224","456201563713065","SpTrafficFirehoseNA","2025","03","10","20"
"A13QNOE6VGFFIN","ATVPDKIKX0DER","sp-traffic","-1","2c6a9cf4-d694-3998-a1c9-6c5d25ba3af8","boot for foot injury","2025-03-10T13:00:00-07:00","388085364429533","Other on-Amazon","0.0","0","USD","483167608097821","BROAD","523642777644989","394863767843480","SpTrafficFirehoseNA","2025","03","11","06"
"A13QNOE6VGFFIN","ATVPDKIKX0DER","sp-traffic","-1","237cccf7-45cd-3b45-99aa-6d93ecf5228e","lso back brace","2025-03-10T00:00:00-07:00","331271773661027","Detail Page on-Amazon","0.0","0","USD","515725657370019","EXACT","355609284106897","510702146930978","SpTrafficFirehoseNA","2025","03","10","20"
"A13QNOE6VGFFIN","ATVPDKIKX0DER","sp-traffic","1","28955b14-0451-3843-b55e-e17e51edbb87","boot for sprained ankle","2025-03-10T17:00:00-07:00","451170283859295","Other on-Amazon","0.0","0","USD","548840664702257","PHRASE","309713218251068","502518597795360","SpTrafficFirehoseNA","2025","03","11","02"
"A13QNOE6VGFFIN","ATVPDKIKX0DER","sp-traffic","-1","211451e3-b73f-3002-afdf-ab0415929a5c","keyword-group=""category""","2025-03-10T23:00:00-07:00","402457699826268","Detail Page on-Amazon","0.0","0","USD","422252146600414","TARGETING_EXPRESSION","337568298315974","364364950244131","SpTrafficFirehoseNA","2025","03","12","10"
"A13QNOE6VGFFIN","ATVPDKIKX0DER","sp-traffic","2","2ca1d0fd-9a4c-362a-930d-94a7a8729cd9","substitutes","2025-03-10T04:00:00-07:00","336461794962230","Other on-Amazon","0.0","0","USD","471840487952828","TARGETING_EXPRESSION_PREDEFINED","371853015773578","406100003411404","SpTrafficFirehoseNA","2025","03","10","12"
"A13QNOE6VGFFIN","ATVPDKIKX0DER","sp-traffic","13","2b4623b6-fa07-3017-b456-a3e5fcdf552a","substitutes","2025-03-10T18:00:00-07:00","336461794962230","Detail Page on-Amazon","0.0","0","USD","349750854587294","TARGETING_EXPRESSION_PREDEFINED","371853015773578","406100003411404","SpTrafficFirehoseNA","2025","03","11","03"
"A13QNOE6VGFFIN","ATVPDKIKX0DER","sp-traffic","46","24901b85-2c8e-3c66-b4bf-6221861970b2","substitutes","2025-03-10T07:00:00-07:00","493641735981301","Detail Page on-Amazon","0.0","0","USD","419636103473566","TARGETING_EXPRESSION_PREDEFINED","437935865934493","383154751282160","SpTrafficFirehoseNA","2025","03","10","16"
"A13QNOE6VGFFIN","ATVPDKIKX0DER","sp-traffic","2","2ae7ee07-31b0-396e-90de-c9b5bf2b60e2","boot covers waterproof","2025-03-10T11:00:00-07:00","470625461975736","Detail Page on-Amazon","0.0","0","USD","338944572379281","PHRASE","492076171506831","495692776484619","SpTrafficFirehoseNA","2025","03","10","19"
"A13QNOE6VGFFIN","ATVPDKIKX0DER","sp-traffic","1","24adfe69-c5ab-3b61-9977-1801bbe136f5","back brace","2025-03-10T01:00:00-07:00","387225901684968","Detail Page on-Amazon","0.0","0","USD","407150875796026","EXACT","284196352105253","479936209116787","SpTrafficFirehoseNA","2025","03","10","09"
"A13QNOE6VGFFIN","ATVPDKIKX0DER","sp-traffic","-1","22e4f8f2-46c4-3499-bd33-6d5e1bc38e76","medical boot","2025-03-10T10:00:00-07:00","313953350674984","Other on-Amazon","0.0","0","USD","543108183466288","PHRASE","282042809415137","286982047389799","SpTrafficFirehoseNA","2025","03","16","19"
"A13QNOE6VGFFIN","ATVPDKIKX0DER","sp-traffic","3","20ab72eb-3cef-3b6c-93e9-15889c799261","substitutes","2025-03-10T11:00:00-07:00","352249005956704","Other on-Amazon","0.0","0","USD","440684941119831","TARGETING_EXPRESSION_PREDEFINED","350274847571034","546863699482216","SpTrafficFirehoseNA","2025","03","10","20"
"A13QNOE6VGFFIN","ATVPDKIKX0DER","sp-traffic","2","2eaece03-2ea8-3369-a6fe-47adf6d2f938","medical shoes for men","2025-03-10T16:00:00-07:00","561162779337470","Detail Page on-Amazon","0.0","0","USD","424059339647571","EXACT","432440828107745","415470372078114","SpTrafficFirehoseNA","2025","03","11","01"
"A13QNOE6VGFFIN","ATVPDKIKX0DER","sp-traffic","-1","2073a7c3-3d70-34ea-8db6-71e6267632bc","walking boot","2025-03-10T11:00:00-07:00","388085364429533","Detail Page on-Amazon","0.0","0","USD","483167608097821","PHRASE","523642777644989","490882232932177","SpTrafficFirehoseNA","2025","03","11","05"
"A13QNOE6VGFFIN","ATVPDKIKX0DER","sp-traffic","2","24e3bad9-947f-3d12-9805-e5d0da48a97e","walking boot broken foot","2025-03-10T00:00:00-07:00","451170283859295","Detail Page on-Amazon","0.0","0","USD","289857091841001","BROAD","309713218251068","490633952234923","SpTrafficFirehoseNA","2025","03","10","08"
"A13QNOE6VGFFIN","ATVPDKIKX0DER","sp-traffic","2","209f7681-48ed-3079-9de8-09bf6f0ba1f9","loose-match","2025-03-10T12:00:00-07:00","290036260930735","Other on-Amazon","0.0","0","USD","466326830174653","TARGETING_EXPRESSION_PREDEFINED","535729855289941","331465866066531","SpTrafficFirehoseNA","2025","03","10","21"
"A13QNOE6VGFFIN","ATVPDKIKX0DER","sp-traffic","1","29ce0f60-c45d-3b54-9061-64c211ef3246","cast boot","2025-03-10T20:00:00-07:00","322822327501538","Other on-Amazon","0.0","0","USD","288901819968502","BROAD","291339525768764","379287020768990","SpTrafficFirehoseNA","2025","03","11","05"
"A13QNOE6VGFFIN","ATVPDKIKX0DER","sp-traffic","1","2ba33d21-f91b-39e2-926c-acf264589c88","medical shoe","2025-03-10T22:00:00-07:00","561162779337470","Other on-Amazon","0.0","0","USD","329292192790971","PHRASE","432440828107745","435474772826108","SpTrafficFirehoseNA","2025","03","11","06"
"A13QNOE6VGFFIN","ATVPDKIKX0DER","sp-traffic","5","21d867a1-130f-32fe-bf5e-19013f4587be","back support","2025-03-10T23:00:00-07:00","286732164199733","Other on-Amazon","0.0","0","USD","482485731719789","BROAD","391438132877146","284557544249475","SpTrafficFirehoseNA","2025","03","11","07"
"A13QNOE6VGFFIN","ATVPDKIKX0DER","sp-traffic","1","22379e76-ec08-367b-8bbe-746cce62ba92","lower back support brace","2025-03-10T22:00:00-07:00","485501640666760","Detail Page on-Amazon","0.0","0","USD","298682465221934","BROAD","395004835981419","355212387144186","SpTrafficFirehoseNA","2025","03","11","07"
"A13QNOE6VGFFIN","ATVPDKIKX0DER","sp-traffic","-1","2fa3deed-ae18-3cbe-a6da-f8f1120dabf7","medical boot","2025-03-10T17:00:00-07:00","451170283859295","Other on-Amazon","0.0","0","USD","421199272372871","BROAD","309713218251068","349759932703331","SpTrafficFirehoseNA","2025","03","11","11"
"A13QNOE6VGFFIN","ATVPDKIKX0DER","sp-traffic","1","20125e1a-68b0-3b1a-9f43-c40c06616356","walking boot for broken foot","2025-03-10T06:00:00-07:00","388085364429533","Detail Page on-Amazon","0.0","0","USD","483167608097821","PHRASE","523642777644989","285801577348689","SpTrafficFirehoseNA","2025","03","10","14"
"A13QNOE6VGFFIN","ATVPDKIKX0DER","sp-traffic","1","28e4cbc6-8b8d-3cbf-b696-c52f98b6f37b","broken foot boot","2025-03-10T13:00:00-07:00","322822327501538","Other on-Amazon","0.0","0","USD","288901819968502","BROAD","291339525768764","522817894872899","SpTrafficFirehoseNA","2025","03","10","21"
"A13QNOE6VGFFIN","ATVPDKIKX0DER","sp-traffic","-1","24653a3e-e187-321a-8eff-42f609b60708","substitutes","2025-03-10T04:00:00-07:00","352249005956704","Detail Page on-Amazon","0.0","0","USD","440684941119831","TARGETING_EXPRESSION_PREDEFINED","350274847571034","546863699482216","SpTrafficFirehoseNA","2025","03","10","14"
"A13QNOE6VGFFIN","ATVPDKIKX0DER","sp-traffic","2","2c2a64d0-24c4-3cc7-b327-2c1626bbae57","ankle braces for men","2025-03-10T20:00:00-07:00","289252548450498","Detail Page on-Amazon","0.0","0","USD","345060747651580","EXACT","504272338352224","308243906410031","SpTrafficFirehoseNA","2025","03","11","04"
"A13QNOE6VGFFIN","ATVPDKIKX0DER","sp-traffic","5","2143377a-8c80-31ef-be01-03a39dc3ce3a","shoulder brace","2025-03-10T14:00:00-07:00","559044882217972","Other on-Amazon","0.0","0","USD","505551856405307","BROAD","470643376311341","484787358832222","SpTrafficFirehoseNA","2025","03","10","22"
"A13QNOE6VGFFIN","ATVPDKIKX0DER","sp-traffic","4","20869ec6-b1ce-31b0-89fd-29f90d0cf386","medical walking boot","2025-03-10T16:00:00-07:00","322822327501538","Detail Page on-Amazon","0.0","0","USD","288901819968502","BROAD","291339525768764","420828865163538","SpTrafficFirehoseNA","2025","03","11","00"
"A13QNOE6VGFFIN","ATVPDKIKX0DER","sp-traffic","5","2ad30ec7-8d33-31cb-a46d-995ca5927589","shoulder sling","2025-03-10T12:00:00-07:00","559044882217972","Detail Page on-Amazon","0.0","0","USD","445891637567082","PHRASE","470643376311341","479060252365290","SpTrafficFirehoseNA","2025","03","10","20"
"A13QNOE6VGFFIN","ATVPDKIKX0DER","sp-traffic","-1","236ea8fc-69cb-39f7-8d43-a527957e598f","boot for foot injury","2025-03-10T17:00:00-07:00","388085364429533","Detail Page on-Amazon","0.0","0","USD","400300732615192","BROAD","523642777644989","394863767843480","SpTrafficFirehoseNA","2025","03","11","11"
"A13QNOE6VGFFIN","ATVPDKIKX0DER","sp-traffic","1","20ef6a1a-ad52-383a-a1ce-a8bdc6b98ba1","substitutes","2025-03-10T02:00:00-07:00","352921008428475","Detail Page on-Amazon","0.0","0","USD","473221178507921","TARGETING_EXPRESSION_PREDEFINED","499199007513580","439962102356797","SpTrafficFirehoseNA","2025","03","10","10"
"A13QNOE6VGFFIN","ATVPDKIKX0DER","sp-traffic","1","2f80ec9f-be9b-3785-9c60-d79d38ca74f9","foot boot for injured foot women","2025-03-10T07:00:00-07:00","561162779337470","Other on-Amazon","0.0","0","USD","424059339647571","BROAD","432440828107745","429325657783663","SpTrafficFirehoseNA","2025","03","10","16"
"A13QNOE6VGFFIN","ATVPDKIKX0DER","sp-traffic","6","2dfe6dff-6d2c-354b-aaca-d98b202c1896","posture corrector","2025-03-10T04:00:00-07:00","331271773661027","Detail Page on-Amazon","0.0","0","USD","515725657370019","PHRASE","355609284106897","281992945349701","SpTrafficFirehoseNA","2025","03","10","11"
"A13QNOE6VGFFIN","ATVPDKIKX0DER","sp-traffic","-1","22b29981-e622-3266-9907-b36f3eb3e04f","stirrup ankle brace","2025-03-10T18:00:00-07:00","455985621226784","Detail Page on-Amazon","0.0","0","USD","530018687361465","EXACT","345013813117226","363095555040382","SpTrafficFirehoseNA","2025","03","11","12"
"A13QNOE6VGFFIN","ATVPDKIKX0DER","sp-traffic","1","204901b7-0a19-31a0-bfd0-ed3c153eb82e","back brace for men lower back","2025-03-10T00:00:00-07:00","387225901684968","Detail Page on-Amazon","0.0","0","USD","407150875796026","EXACT","284196352105253","502411252988797","SpTrafficFirehoseNA","2025","03","10","07"
"A13QNOE6VGFFIN","ATVPDKIKX0DER","sp-traffic","-1","f9a0f22f-f31b-3801-8fd4-297a12671dd4","substitutes","2025-03-10T18:00:00-07:00","290036260930735","Detail Page on-Amazon","0.0","0","USD","559135105549862","TARGETING_EXPRESSION_PREDEFINED","535729855289941","289833627780002","SpTrafficFirehoseNA","2025","03","21","14"
"A13QNOE6VGFFIN","ATVPDKIKX0DER","sp-traffic","-1","dad8d586-26b4-332b-8de5-fbc1ed98164b","lumbar back brace","2025-03-10T10:00:00-07:00","336255170433941","Detail Page on-Amazon","0.0","0","USD","307130039422124","BROAD","332544626403138","312686993630446","SpTrafficFirehoseNA","2025","03","21","14"
"A13QNOE6VGFFIN","ATVPDKIKX0DER","sp-traffic","-6","21a9e766-d2ee-3b65-97ed-b39da03e7450","complements","2025-03-10T23:00:00-07:00","302977388432024","Detail Page on-Amazon","0.0","0","USD","404282139612880","TARGETING_EXPRESSION_PREDEFINED","510681110202433","374140211434638","SpTrafficFirehoseNA","2025","03","11","16"
"A13QNOE6VGFFIN","ATVPDKIKX0DER","sp-traffic","2","26fa98c7-ff0c-3d3e-99a4-706bcc19f884","loose-match","2025-03-10T18:00:00-07:00","341529632093185","Top of Search on-Amazon","0.0","0","USD","366430138838058","TARGETING_EXPRESSION_PREDEFINED","446297449266554","521103553731688","SpTrafficFirehoseNA","2025","03","11","02"
"A13QNOE6VGFFIN","ATVPDKIKX0DER","sp-traffic","8","2e24243a-2b63-357a-8a24-53d792b9eb01","posture corrector","2025-03-10T18:00:00-07:00","485501640666760","Detail Page on-Amazon","0.0","0","USD","298682465221934","PHRASE","395004835981419","326899339982306","SpTrafficFirehoseNA","2025","03","11","03"
"A13QNOE6VGFFIN","ATVPDKIKX0DER","sp-traffic","1","2ac21898-ebfd-35fe-b9e0-4e51e238f399","lso back brace","2025-03-10T09:00:00-07:00","336255170433941","Detail Page on-Amazon","0.0","0","USD","344397366504263","BROAD","332544626403138","421657963735409","SpTrafficFirehoseNA","2025","03","10","17"
"A13QNOE6VGFFIN","ATVPDKIKX0DER","sp-traffic","-1","230594b4-5952-3ba1-9d2c-40b4a8cd7b47","loose-match","2025-03-10T23:00:00-07:00","352249005956704","Other on-Amazon","0.0","0","USD","300234801984025","TARGETING_EXPRESSION_PREDEFINED","350274847571034","394458824784005","SpTrafficFirehoseNA","2025","03","11","18"
"A13QNOE6VGFFIN","ATVPDKIKX0DER","sp-traffic","2","2acae9b6-295e-3de5-b4fa-19f89f3260f4","close-match","2025-03-10T19:00:00-07:00","426579058137414","Other on-Amazon","0.0","0","USD","476152905010736","TARGETING_EXPRESSION_PREDEFINED","486979294897033","437612522531274","SpTrafficFirehoseNA","2025","03","11","04"
"A13QNOE6VGFFIN","ATVPDKIKX0DER","sp-traffic","-1","2fad2f38-6687-3949-85b3-0f21fdf72ec2","substitutes","2025-03-10T08:00:00-07:00","352249005956704","Detail Page on-Amazon","0.0","0","USD","440684941119831","TARGETING_EXPRESSION_PREDEFINED","350274847571034","546863699482216","SpTrafficFirehoseNA","2025","03","11","08"
"A13QNOE6VGFFIN","ATVPDKIKX0DER","sp-traffic","-1","069d7d72-c6b5-3cc0-899f-a3d837189fa7","substitutes","2025-03-10T11:00:00-07:00","290036260930735","Detail Page on-Amazon","0.0","0","USD","559135105549862","TARGETING_EXPRESSION_PREDEFINED","535729855289941","289833627780002","SpTrafficFirehoseNA","2025","03","28","16"
"A13QNOE6VGFFIN","ATVPDKIKX0DER","sp-traffic","13","2184fd7e-f2da-39cf-97b2-80b1b971bdae","loose-match","2025-03-10T22:00:00-07:00","302977388432024","Detail Page on-Amazon","0.0","0","USD","404282139612880","TARGETING_EXPRESSION_PREDEFINED","510681110202433","330271851301486","SpTrafficFirehoseNA","2025","03","11","06"
"A13QNOE6VGFFIN","ATVPDKIKX0DER","sp-traffic","3","2015d73e-8b3e-3b1c-a9c8-0ec4fa0fd00b","close-match","2025-03-10T09:00:00-07:00","426579058137414","Other on-Amazon","0.0","0","USD","286453225825499","TARGETING_EXPRESSION_PREDEFINED","486979294897033","437612522531274","SpTrafficFirehoseNA","2025","03","10","17"
"A13QNOE6VGFFIN","ATVPDKIKX0DER","sp-traffic","10","2edfef97-67b5-34d1-938a-90d32154faf7","loose-match","2025-03-10T16:00:00-07:00","302977388432024","Detail Page on-Amazon","0.0","0","USD","398107535294248","TARGETING_EXPRESSION_PREDEFINED","510681110202433","330271851301486","SpTrafficFirehoseNA","2025","03","11","01"
"A13QNOE6VGFFIN","ATVPDKIKX0DER","sp-traffic","2","20e355cd-16d6-3cad-bd50-3b7816776e68","loose-match","2025-03-10T06:00:00-07:00","426579058137414","Other on-Amazon","0.0","0","USD","286453225825499","TARGETING_EXPRESSION_PREDEFINED","486979294897033","472195443501656","SpTrafficFirehoseNA","2025","03","10","15"
"A13QNOE6VGFFIN","ATVPDKIKX0DER","sp-traffic","102","2b596bd5-9148-33c5-85e2-503bc821e12f","close-match","2025-03-10T17:00:00-07:00","302977388432024","Detail Page on-Amazon","0.0","0","USD","404282139612880","TARGETING_EXPRESSION_PREDEFINED","510681110202433","435689403854064","SpTrafficFirehoseNA","2025","03","11","01"
"A13QNOE6VGFFIN","ATVPDKIKX0DER","sp-traffic","2","2667a777-f63f-36fd-aa11-b987039e4d62","loose-match","2025-03-10T15:00:00-07:00","341529632093185","Detail Page on-Amazon","0.0","0","USD","366430138838058","TARGETING_EXPRESSION_PREDEFINED","446297449266554","521103553731688","SpTrafficFirehoseNA","2025","03","11","00"
"A13QNOE6VGFFIN","ATVPDKIKX0DER","sp-traffic","1","2b6a5cb4-ba15-3724-aba4-cd8979e50584","asin=""B006L8M91S""","2025-03-10T13:00:00-07:00","297581622209116","Detail Page on-Amazon","0.0","0","USD","367602539166078","TARGETING_EXPRESSION","486711384637765","392911854423688","SpTrafficFirehoseNA","2025","03","10","21"
"A13QNOE6VGFFIN","ATVPDKIKX0DER","sp-traffic","1","23c06323-c81a-3d73-aed5-e9257c7a979b","walking boot broken foot","2025-03-10T09:00:00-07:00","451170283859295","Detail Page on-Amazon","0.0","0","USD","289857091841001","BROAD","309713218251068","490633952234923","SpTrafficFirehoseNA","2025","03","10","17"
"A13QNOE6VGFFIN","ATVPDKIKX0DER","sp-traffic","6","2719310d-0852-360a-86ec-8b7cdb981d63","posture corrector men","2025-03-10T13:00:00-07:00","331271773661027","Other on-Amazon","1.2","1","USD","515725657370019","BROAD","355609284106897","436716281468900","SpTrafficFirehoseNA","2025","03","10","21"
"A13QNOE6VGFFIN","ATVPDKIKX0DER","sp-traffic","-1","8ed3276a-ddaf-3e85-ad79-794852ba766d","loose-match","2025-03-10T19:00:00-07:00","302977388432024","Detail Page on-Amazon","0.0","0","USD","404282139612880","TARGETING_EXPRESSION_PREDEFINED","510681110202433","330271851301486","SpTrafficFirehoseNA","2025","03","18","19"
"A13QNOE6VGFFIN","ATVPDKIKX0DER","sp-traffic","1","2fb1bea9-cc66-3da1-81ec-7bcf0368658f","afo","2025-03-10T09:00:00-07:00","301573433164879","Top of Search on-Amazon","0.0","0","USD","393327266818017","BROAD","510862601302915","341826772979615","SpTrafficFirehoseNA","2025","03","10","18"
"A13QNOE6VGFFIN","ATVPDKIKX0DER","sp-traffic","1","2cc9aaa6-a82a-327f-b7d5-94d457b6a14c","boot covers waterproof","2025-03-10T06:00:00-07:00","470625461975736","Detail Page on-Amazon","0.0","0","USD","338944572379281","BROAD","492076171506831","336656695519939","SpTrafficFirehoseNA","2025","03","10","13"
"A13QNOE6VGFFIN","ATVPDKIKX0DER","sp-traffic","-2","28ebbf07-6018-374a-a556-ac1984892dc0","post op shoes for men","2025-03-10T08:00:00-07:00","561162779337470","Detail Page on-Amazon","0.0","0","USD","329292192790971","PHRASE","432440828107745","494669310275079","SpTrafficFirehoseNA","2025","03","10","17"
"A13QNOE6VGFFIN","ATVPDKIKX0DER","sp-traffic","-1","2df5863e-9dee-3b9d-b669-671016f9acd0","medical shoe","2025-03-10T13:00:00-07:00","561162779337470","Other on-Amazon","0.0","0","USD","329292192790971","PHRASE","432440828107745","435474772826108","SpTrafficFirehoseNA","2025","03","11","07"
"A13QNOE6VGFFIN","ATVPDKIKX0DER","sp-traffic","1","2832aa79-f76b-3f60-9ad9-82b127fc5f79","medical shoe","2025-03-10T15:00:00-07:00","561162779337470","Other on-Amazon","0.0","0","USD","329292192790971","BROAD","432440828107745","509082213693157","SpTrafficFirehoseNA","2025","03","11","00"
"A13QNOE6VGFFIN","ATVPDKIKX0DER","sp-traffic","8","2cf171d7-56f3-3b63-b055-26ceb5f69c37","shoulder immobilizer","2025-03-10T03:00:00-07:00","559044882217972","Other on-Amazon","0.0","0","USD","445891637567082","PHRASE","470643376311341","364806207712717","SpTrafficFirehoseNA","2025","03","10","11"
"A13QNOE6VGFFIN","ATVPDKIKX0DER","sp-traffic","-1","28c8b34c-aa06-3209-9397-787c2bb7fc02","drop foot brace","2025-03-10T21:00:00-07:00","301573433164879","Detail Page on-Amazon","0.0","0","USD","393327266818017","BROAD","510862601302915","338942929469956","SpTrafficFirehoseNA","2025","03","11","15"
"A13QNOE6VGFFIN","ATVPDKIKX0DER","sp-traffic","1","2a7c6be6-6893-3691-bbd4-a1508567b572","back support","2025-03-10T20:00:00-07:00","485501640666760","Top of Search on-Amazon","0.0","0","USD","481068654252419","BROAD","395004835981419","462275355633130","SpTrafficFirehoseNA","2025","03","11","04"
"A13QNOE6VGFFIN","ATVPDKIKX0DER","sp-traffic","-1","51507a82-99a8-3681-810c-806f214a3088","close-match","2025-03-10T10:00:00-07:00","302977388432024","Other on-Amazon","0.0","0","USD","404282139612880","TARGETING_EXPRESSION_PREDEFINED","510681110202433","435689403854064","SpTrafficFirehoseNA","2025","03","18","21"
"A13QNOE6VGFFIN","ATVPDKIKX0DER","sp-traffic","-1","fe5e2a71-aeed-3a1c-8017-4ece0f8b2dbc","loose-match","2025-03-10T09:00:00-07:00","336461794962230","Other on-Amazon","0.0","0","USD","558530427804951","TARGETING_EXPRESSION_PREDEFINED","371853015773578","335529496446247","SpTrafficFirehoseNA","2025","03","18","21"
"A13QNOE6VGFFIN","ATVPDKIKX0DER","sp-traffic","-1","7783182b-0839-33ac-b00a-2aad5898a58c","substitutes","2025-03-10T10:00:00-07:00","426579058137414","Detail Page on-Amazon","0.0","0","USD","286453225825499","TARGETING_EXPRESSION_PREDEFINED","486979294897033","518301312523087","SpTrafficFirehoseNA","2025","03","18","21"
"A13QNOE6VGFFIN","ATVPDKIKX0DER","sp-traffic","-9","f1d5898c-c9da-3a16-b87e-353f69119143","close-match","2025-03-10T09:00:00-07:00","302977388432024","Other on-Amazon","0.0","0","USD","404282139612880","TARGETING_EXPRESSION_PREDEFINED","510681110202433","435689403854064","SpTrafficFirehoseNA","2025","03","18","21"
"A13QNOE6VGFFIN","ATVPDKIKX0DER","sp-traffic","-1","6fd3fe9e-9b72-32fd-bedb-9df5145c13a8","close-match","2025-03-10T10:00:00-07:00","341529632093185","Other on-Amazon","0.0","0","USD","514582629296428","TARGETING_EXPRESSION_PREDEFINED","446297449266554","292027730537488","SpTrafficFirehoseNA","2025","03","18","21"
"A13QNOE6VGFFIN","ATVPDKIKX0DER","sp-traffic","-2","912eae54-a5db-379f-9245-ffcd6883b499","close-match","2025-03-10T09:00:00-07:00","436938301127453","Other on-Amazon","0.0","0","USD","562125943078505","TARGETING_EXPRESSION_PREDEFINED","347368868613283","514705998820803","SpTrafficFirehoseNA","2025","03","18","21"
"A13QNOE6VGFFIN","ATVPDKIKX0DER","sp-traffic","-1","272bb152-99a1-37f7-a0ad-a0d1f84d13db","complements","2025-03-10T10:00:00-07:00","398513900569823","Detail Page on-Amazon","0.0","0","USD","291134069349390","TARGETING_EXPRESSION_PREDEFINED","552544670745601","311158350651982","SpTrafficFirehoseNA","2025","03","18","21"
"A13QNOE6VGFFIN","ATVPDKIKX0DER","sp-traffic","-2","96917f5f-21ca-390f-989b-222eab4dac0b","afo brace","2025-03-10T09:00:00-07:00","301573433164879","Other on-Amazon","0.0","0","USD","393327266818017","BROAD","510862601302915","386361159567188","SpTrafficFirehoseNA","2025","03","18","21"
"A13QNOE6VGFFIN","ATVPDKIKX0DER","sp-traffic","-1","3f5bad1b-650f-34dd-8505-232790d2151c","substitutes","2025-03-10T09:00:00-07:00","290036260930735","Top of Search on-Amazon","0.0","0","USD","466326830174653","TARGETING_EXPRESSION_PREDEFINED","535729855289941","289833627780002","SpTrafficFirehoseNA","2025","03","18","21"
"A13QNOE6VGFFIN","ATVPDKIKX0DER","sp-traffic","-2","a30a6e7f-c51d-3465-853d-d6f04b2b685a","rotator cuff shoulder brace","2025-03-10T10:00:00-07:00","559044882217972","Detail Page on-Amazon","0.0","0","USD","445891637567082","BROAD","470643376311341","524923382709508","SpTrafficFirehoseNA","2025","03","18","21"
"A13QNOE6VGFFIN","ATVPDKIKX0DER","sp-traffic","-1","bd65e61d-c339-3ed2-9ca3-b28f9cfdf636","shoulder brace","2025-03-10T10:00:00-07:00","559044882217972","Other on-Amazon","0.0","0","USD","445891637567082","BROAD","470643376311341","484787358832222","SpTrafficFirehoseNA","2025","03","18","21"
"A13QNOE6VGFFIN","ATVPDKIKX0DER","sp-traffic","-1","993e91b5-76e8-3632-a7c3-872b51b94408","substitutes","2025-03-10T09:00:00-07:00","352249005956704","Detail Page on-Amazon","0.0","0","USD","440684941119831","TARGETING_EXPRESSION_PREDEFINED","350274847571034","546863699482216","SpTrafficFirehoseNA","2025","03","18","21"
"A13QNOE6VGFFIN","ATVPDKIKX0DER","sp-traffic","-1","70043d09-7da4-3361-ad1f-a9be6603d284","complements","2025-03-10T10:00:00-07:00","426579058137414","Detail Page on-Amazon","0.0","0","USD","476152905010736","TARGETING_EXPRESSION_PREDEFINED","486979294897033","493498317838908","SpTrafficFirehoseNA","2025","03","18","21"
"A13QNOE6VGFFIN","ATVPDKIKX0DER","sp-traffic","-1","6f0c01d5-5db3-3712-a871-3c341527e0ab","close-match","2025-03-10T10:00:00-07:00","290036260930735","Other on-Amazon","0.0","0","USD","466326830174653","TARGETING_EXPRESSION_PREDEFINED","535729855289941","536050120679003","SpTrafficFirehoseNA","2025","03","18","21"
"A13QNOE6VGFFIN","ATVPDKIKX0DER","sp-traffic","-2","849cf544-c2e3-3ee3-9015-e13aca8ad455","shoe for broken toe","2025-03-10T08:00:00-07:00","408425337308545","Detail Page on-Amazon","0.0","0","USD","285359370419580","PHRASE","486906608629233","426618161950570","SpTrafficFirehoseNA","2025","03","18","21"
"A13QNOE6VGFFIN","ATVPDKIKX0DER","sp-traffic","-1","7c335f90-4173-3a80-9fd2-b9a2ff054f2a","close-match","2025-03-10T09:00:00-07:00","398513900569823","Other on-Amazon","0.0","0","USD","313341963116304","TARGETING_EXPRESSION_PREDEFINED","552544670745601","537248267280235","SpTrafficFirehoseNA","2025","03","18","21"
"A13QNOE6VGFFIN","ATVPDKIKX0DER","sp-traffic","-1","732ef0f9-bb05-3e1c-8d1a-1942afdbdb04","walking boot","2025-03-10T10:00:00-07:00","388085364429533","Top of Search on-Amazon","0.0","0","USD","400300732615192","PHRASE","523642777644989","490882232932177","SpTrafficFirehoseNA","2025","03","18","21"
"A13QNOE6VGFFIN","ATVPDKIKX0DER","sp-traffic","-1","170fe210-9622-3285-88b8-e6546aca3fb5","close-match","2025-03-10T09:00:00-07:00","426579058137414","Other on-Amazon","0.0","0","USD","476152905010736","TARGETING_EXPRESSION_PREDEFINED","486979294897033","437612522531274","SpTrafficFirehoseNA","2025","03","18","21"
"A13QNOE6VGFFIN","ATVPDKIKX0DER","sp-traffic","-1","19e6c142-17c1-317b-bde7-dde8834085dc","close-match","2025-03-10T09:00:00-07:00","352249005956704","Other on-Amazon","0.0","0","USD","300234801984025","TARGETING_EXPRESSION_PREDEFINED","350274847571034","422215724049191","SpTrafficFirehoseNA","2025","03","18","21"
"A13QNOE6VGFFIN","ATVPDKIKX0DER","sp-traffic","-1","ffd3171a-82fb-3a6c-81f9-c2108fa51062","ankle support","2025-03-10T08:00:00-07:00","289252548450498","Other on-Amazon","0.0","0","USD","489039016323648","BROAD","504272338352224","407392584680530","SpTrafficFirehoseNA","2025","03","18","21"
"A13QNOE6VGFFIN","ATVPDKIKX0DER","sp-traffic","-1","418b5a5d-9541-3b3c-a27f-0262149634f6","walking boot","2025-03-10T09:00:00-07:00","388085364429533","Other on-Amazon","0.0","0","USD","483167608097821","PHRASE","523642777644989","490882232932177","SpTrafficFirehoseNA","2025","03","18","21"
"A13QNOE6VGFFIN","ATVPDKIKX0DER","sp-traffic","-2","34dfe2cd-b028-3f28-aaa5-a5bd590d72b5","close-match","2025-03-10T06:00:00-07:00","302977388432024","Detail Page on-Amazon","0.0","0","USD","404282139612880","TARGETING_EXPRESSION_PREDEFINED","510681110202433","435689403854064","SpTrafficFirehoseNA","2025","03","18","21"
"A13QNOE6VGFFIN","ATVPDKIKX0DER","sp-traffic","-1","8f139374-bd6b-3a64-8e93-20c919c62a1a","boot for foot injury","2025-03-10T10:00:00-07:00","388085364429533","Other on-Amazon","0.0","0","USD","483167608097821","BROAD","523642777644989","394863767843480","SpTrafficFirehoseNA","2025","03","18","21"
"A13QNOE6VGFFIN","ATVPDKIKX0DER","sp-traffic","-1","f2f01a5e-d4b3-3050-95d2-23c5b0160d44","close-match","2025-03-10T10:00:00-07:00","426579058137414","Other on-Amazon","0.0","0","USD","476152905010736","TARGETING_EXPRESSION_PREDEFINED","486979294897033","437612522531274","SpTrafficFirehoseNA","2025","03","18","21"
"A13QNOE6VGFFIN","ATVPDKIKX0DER","sp-traffic","-1","83a49fc6-1555-3371-9af9-6d78b505041e","offloading shoe","2025-03-10T08:00:00-07:00","408425337308545","Detail Page on-Amazon","0.0","0","USD","452545085239987","PHRASE","486906608629233","481875952944262","SpTrafficFirehoseNA","2025","03","18","21"
"A13QNOE6VGFFIN","ATVPDKIKX0DER","sp-traffic","-1","0a3552db-e466-3a23-9aa6-94462523690a","shoulder immobilizer","2025-03-10T05:00:00-07:00","559044882217972","Detail Page on-Amazon","0.0","0","USD","445891637567082","PHRASE","470643376311341","364806207712717","SpTrafficFirehoseNA","2025","03","18","21"
"A13QNOE6VGFFIN","ATVPDKIKX0DER","sp-traffic","-2","d5d33fc7-f593-3104-be97-69f6b250b965","close-match","2025-03-10T10:00:00-07:00","352249005956704","Other on-Amazon","0.0","0","USD","440684941119831","TARGETING_EXPRESSION_PREDEFINED","350274847571034","422215724049191","SpTrafficFirehoseNA","2025","03","18","21"
"A13QNOE6VGFFIN","ATVPDKIKX0DER","sp-traffic","-1","f149643a-39f8-3334-9d3a-a816b998061d","close-match","2025-03-10T09:00:00-07:00","290036260930735","Other on-Amazon","0.0","0","USD","559135105549862","TARGETING_EXPRESSION_PREDEFINED","535729855289941","536050120679003","SpTrafficFirehoseNA","2025","03","18","21"
"A13QNOE6VGFFIN","ATVPDKIKX0DER","sp-traffic","-1","75d9a8c6-853e-339b-ba80-0d1b84fe4422","close-match","2025-03-10T09:00:00-07:00","336461794962230","Other on-Amazon","0.0","0","USD","349750854587294","TARGETING_EXPRESSION_PREDEFINED","371853015773578","286893824104386","SpTrafficFirehoseNA","2025","03","18","21"
"A13QNOE6VGFFIN","ATVPDKIKX0DER","sp-traffic","-1","c63842f4-e917-3f29-9616-b37a46576df6","loose-match","2025-03-10T05:00:00-07:00","341529632093185","Other on-Amazon","0.0","0","USD","494209300652837","TARGETING_EXPRESSION_PREDEFINED","446297449266554","521103553731688","SpTrafficFirehoseNA","2025","03","18","21"
"A13QNOE6VGFFIN","ATVPDKIKX0DER","sp-traffic","-1","f9819aac-f584-37cf-9400-8e516f22a8f1","loose-match","2025-03-10T09:00:00-07:00","341529632093185","Other on-Amazon","0.0","0","USD","366430138838058","TARGETING_EXPRESSION_PREDEFINED","446297449266554","521103553731688","SpTrafficFirehoseNA","2025","03","18","21"
"A13QNOE6VGFFIN","ATVPDKIKX0DER","sp-traffic","-1","11b8c57f-29b9-308b-b72a-7b8d2be0e224","close-match","2025-03-10T10:00:00-07:00","290036260930735","Other on-Amazon","0.0","0","USD","559135105549862","TARGETING_EXPRESSION_PREDEFINED","535729855289941","536050120679003","SpTrafficFirehoseNA","2025","03","18","21"
"A13QNOE6VGFFIN","ATVPDKIKX0DER","sp-traffic","-1","d2858d57-655f-38eb-9bc9-4e555cb4d0d4","loose-match","2025-03-10T09:00:00-07:00","539972836150402","Other on-Amazon","0.0","0","USD","343973457971340","TARGETING_EXPRESSION_PREDEFINED","331258003819203","299806511041772","SpTrafficFirehoseNA","2025","03","18","21"
"A13QNOE6VGFFIN","ATVPDKIKX0DER","sp-traffic","-1","ba7419d9-d13b-3f22-a036-70a2b8c4446d","loose-match","2025-03-10T09:00:00-07:00","336461794962230","Other on-Amazon","0.0","0","USD","458621477424191","TARGETING_EXPRESSION_PREDEFINED","371853015773578","335529496446247","SpTrafficFirehoseNA","2025","03","18","21"
"A13QNOE6VGFFIN","ATVPDKIKX0DER","sp-traffic","-1","d2f69c24-99c9-3ce8-9627-3f50da407c87","loose-match","2025-03-10T08:00:00-07:00","341529632093185","Other on-Amazon","0.0","0","USD","366430138838058","TARGETING_EXPRESSION_PREDEFINED","446297449266554","521103553731688","SpTrafficFirehoseNA","2025","03","18","21"
"A13QNOE6VGFFIN","ATVPDKIKX0DER","sp-traffic","-1","23e165bf-45c0-3ce3-a1ed-969c9e7d9b3d","loose-match","2025-03-10T09:00:00-07:00","436938301127453","Other on-Amazon","0.0","0","USD","562125943078505","TARGETING_EXPRESSION_PREDEFINED","347368868613283","517053088679972","SpTrafficFirehoseNA","2025","03","18","21"
"A13QNOE6VGFFIN","ATVPDKIKX0DER","sp-traffic","-1","dee37649-c6f2-3aad-b165-38ea83e376ec","injury boot","2025-03-10T10:00:00-07:00","451170283859295","Other on-Amazon","0.0","0","USD","289857091841001","BROAD","309713218251068","556905550022307","SpTrafficFirehoseNA","2025","03","18","21"
"A13QNOE6VGFFIN","ATVPDKIKX0DER","sp-traffic","-2","a0bc31d7-2c47-38d4-b6f1-ef2c862e90c7","shoulder ice pack","2025-03-10T10:00:00-07:00","385364236753004","Detail Page on-Amazon","0.0","0","USD","315790960573517","EXACT","443618248393900","488706526032163","SpTrafficFirehoseNA","2025","03","18","21"
"A13QNOE6VGFFIN","ATVPDKIKX0DER","sp-traffic","-1","94e1ac5c-cbda-35f5-a131-2cf97d595e28","substitutes","2025-03-10T07:00:00-07:00","290036260930735","Detail Page on-Amazon","0.0","0","USD","559135105549862","TARGETING_EXPRESSION_PREDEFINED","535729855289941","289833627780002","SpTrafficFirehoseNA","2025","03","18","21"
"A13QNOE6VGFFIN","ATVPDKIKX0DER","sp-traffic","-1","de375a34-c02e-33ca-9bfc-40535740c029","loose-match","2025-03-10T10:00:00-07:00","302977388432024","Other on-Amazon","0.0","0","USD","404282139612880","TARGETING_EXPRESSION_PREDEFINED","510681110202433","330271851301486","SpTrafficFirehoseNA","2025","03","18","21"
"A13QNOE6VGFFIN","ATVPDKIKX0DER","sp-traffic","-2","1cc38dde-c9bd-3ffb-8ae6-f01ec8a5a60d","shoulder brace for women","2025-03-10T09:00:00-07:00","385364236753004","Detail Page on-Amazon","0.0","0","USD","315790960573517","BROAD","443618248393900","526099261453931","SpTrafficFirehoseNA","2025","03","18","21"
"A13QNOE6VGFFIN","ATVPDKIKX0DER","sp-traffic","-2","9c8b8c22-fd57-393f-90e4-6efde489c6b4","close-match","2025-03-10T09:00:00-07:00","539972836150402","Other on-Amazon","0.0","0","USD","343973457971340","TARGETING_EXPRESSION_PREDEFINED","331258003819203","309282818805160","SpTrafficFirehoseNA","2025","03","18","21"
"A13QNOE6VGFFIN","ATVPDKIKX0DER","sp-traffic","-1","3368cda1-df30-3edc-a0f3-c6335edf493f","medical shoe","2025-03-10T10:00:00-07:00","561162779337470","Detail Page on-Amazon","0.0","0","USD","424059339647571","PHRASE","432440828107745","435474772826108","SpTrafficFirehoseNA","2025","03","18","21"
"A13QNOE6VGFFIN","ATVPDKIKX0DER","sp-traffic","-1","9f93f408-0155-3e91-9c75-addcc6b2e427","medical shoe","2025-03-10T10:00:00-07:00","408425337308545","Detail Page on-Amazon","0.0","0","USD","285359370419580","EXACT","486906608629233","403319950584481","SpTrafficFirehoseNA","2025","03","18","21"
"A13QNOE6VGFFIN","ATVPDKIKX0DER","sp-traffic","-1","87f44862-32d1-3ce8-ae8b-f647b5822762","loose-match","2025-03-10T08:00:00-07:00","436938301127453","Other on-Amazon","0.0","0","USD","562125943078505","TARGETING_EXPRESSION_PREDEFINED","347368868613283","517053088679972","SpTrafficFirehoseNA","2025","03","18","21"
"A13QNOE6VGFFIN","ATVPDKIKX0DER","sp-traffic","-1","3cff248a-9c37-36da-bd2a-cd24b6c8f080","air cast ankle","2025-03-10T09:00:00-07:00","455985621226784","Other on-Amazon","0.0","0","USD","478815653293014","EXACT","345013813117226","441965849484055","SpTrafficFirehoseNA","2025","03","18","21"
"A13QNOE6VGFFIN","ATVPDKIKX0DER","sp-traffic","6","294b459e-8282-3f02-b109-d64c99e6cc53","close-match","2025-03-10T09:00:00-07:00","352249005956704","Detail Page on-Amazon","0.0","0","USD","440684941119831","TARGETING_EXPRESSION_PREDEFINED","350274847571034","422215724049191","SpTrafficFirehoseNA","2025","03","10","18"
"A13QNOE6VGFFIN","ATVPDKIKX0DER","sp-traffic","1","237069c4-2c6d-3bff-82c4-024ba6316e3a","shoulder sling","2025-03-10T01:00:00-07:00","559044882217972","Detail Page on-Amazon","0.0","0","USD","294016556044647","PHRASE","470643376311341","479060252365290","SpTrafficFirehoseNA","2025","03","10","09"
"A13QNOE6VGFFIN","ATVPDKIKX0DER","sp-traffic","1","2e93b39a-6689-331e-b616-ff1e6123cf6c","substitutes","2025-03-10T15:00:00-07:00","336461794962230","Detail Page on-Amazon","0.0","0","USD","471840487952828","TARGETING_EXPRESSION_PREDEFINED","371853015773578","406100003411404","SpTrafficFirehoseNA","2025","03","11","00"
"A13QNOE6VGFFIN","ATVPDKIKX0DER","sp-traffic","11","29ea61ae-915a-3154-8272-ad56287f723e","close-match","2025-03-10T13:00:00-07:00","290036260930735","Other on-Amazon","0.68","1","USD","466326830174653","TARGETING_EXPRESSION_PREDEFINED","535729855289941","536050120679003","SpTrafficFirehoseNA","2025","03","10","21"
"A13QNOE6VGFFIN","ATVPDKIKX0DER","sp-traffic","-1","272048e1-9d86-34db-a79c-478a46edd505","back brace for men lower back","2025-03-10T17:00:00-07:00","387225901684968","Detail Page on-Amazon","0.0","0","USD","407150875796026","EXACT","284196352105253","502411252988797","SpTrafficFirehoseNA","2025","03","12","17"
"A13QNOE6VGFFIN","ATVPDKIKX0DER","sp-traffic","1","20388eb6-8df2-3d90-afa4-7438c614dd9b","cast boot","2025-03-10T08:00:00-07:00","322822327501538","Detail Page on-Amazon","0.0","0","USD","551868897652082","PHRASE","291339525768764","422663994343335","SpTrafficFirehoseNA","2025","03","10","16"
"A13QNOE6VGFFIN","ATVPDKIKX0DER","sp-traffic","2","26ae31a9-3919-3d2c-93ad-55d471b2ac61","back support","2025-03-10T08:00:00-07:00","485501640666760","Other on-Amazon","0.0","0","USD","481068654252419","BROAD","395004835981419","462275355633130","SpTrafficFirehoseNA","2025","03","10","16"
"A13QNOE6VGFFIN","ATVPDKIKX0DER","sp-traffic","1","234f128b-1ab7-3b46-b880-ad2d436bd661","shoulder support brace","2025-03-10T06:00:00-07:00","559044882217972","Detail Page on-Amazon","0.0","0","USD","294016556044647","PHRASE","470643376311341","311912095662143","SpTrafficFirehoseNA","2025","03","10","14"
"A13QNOE6VGFFIN","ATVPDKIKX0DER","sp-traffic","1","2326a53f-0e52-37f0-ad0f-7e35358f4c43","wrist brace","2025-03-10T06:00:00-07:00","468291869909226","Detail Page on-Amazon","0.0","0","USD","512643694706021","PHRASE","547219613587741","287198550497065","SpTrafficFirehoseNA","2025","03","10","15"
"A13QNOE6VGFFIN","ATVPDKIKX0DER","sp-traffic","-3","18edc33c-f95e-3efd-b452-f8f4bcc7a666","close-match","2025-03-10T14:00:00-07:00","302977388432024","Detail Page on-Amazon","0.0","0","USD","404282139612880","TARGETING_EXPRESSION_PREDEFINED","510681110202433","435689403854064","SpTrafficFirehoseNA","2025","03","20","10"
"A13QNOE6VGFFIN","ATVPDKIKX0DER","sp-traffic","0","dd55b9d5-d82e-3c71-8f73-f6a971ddb72b","substitutes","2025-03-10T23:00:00-07:00","336461794962230","Detail Page on-Amazon","-0.75","-1","USD","349750854587294","TARGETING_EXPRESSION_PREDEFINED","371853015773578","406100003411404","SpTrafficFirehoseNA","2025","03","20","10"
"A13QNOE6VGFFIN","ATVPDKIKX0DER","sp-traffic","-1","55d34b7c-ab45-39ec-8a04-251a7e7b5c1c","close-match","2025-03-10T19:00:00-07:00","302977388432024","Detail Page on-Amazon","0.0","0","USD","404282139612880","TARGETING_EXPRESSION_PREDEFINED","510681110202433","435689403854064","SpTrafficFirehoseNA","2025","03","20","10"
"A13QNOE6VGFFIN","ATVPDKIKX0DER","sp-traffic","-1","2776e641-6591-3c72-a91c-0a27484997e4","substitutes","2025-03-10T22:00:00-07:00","302977388432024","Detail Page on-Amazon","0.0","0","USD","404282139612880","TARGETING_EXPRESSION_PREDEFINED","510681110202433","444420092821467","SpTrafficFirehoseNA","2025","03","11","15"
"A13QNOE6VGFFIN","ATVPDKIKX0DER","sp-traffic","-1","2c06a9de-7583-3695-b13f-cda9d5eb8e55","walking boot","2025-03-10T19:00:00-07:00","388085364429533","Detail Page on-Amazon","0.0","0","USD","483167608097821","PHRASE","523642777644989","490882232932177","SpTrafficFirehoseNA","2025","03","11","12"
"A13QNOE6VGFFIN","ATVPDKIKX0DER","sp-traffic","4","2681a3a9-ce30-3892-80d7-c402abe88791","shoulder brace","2025-03-10T17:00:00-07:00","559044882217972","Other on-Amazon","0.0","0","USD","294016556044647","PHRASE","470643376311341","349483901837874","SpTrafficFirehoseNA","2025","03","11","02"
"A13QNOE6VGFFIN","ATVPDKIKX0DER","sp-traffic","-24","28beb6cd-3a31-3056-bd0e-438ac86567e8","close-match","2025-03-10T15:00:00-07:00","302977388432024","Detail Page on-Amazon","0.0","0","USD","404282139612880","TARGETING_EXPRESSION_PREDEFINED","510681110202433","435689403854064","SpTrafficFirehoseNA","2025","03","11","08"
"A13QNOE6VGFFIN","ATVPDKIKX0DER","sp-traffic","20","24b36433-d7f3-397e-b91f-84cb21728c9a","substitutes","2025-03-10T04:00:00-07:00","352249005956704","Detail Page on-Amazon","0.0","0","USD","440684941119831","TARGETING_EXPRESSION_PREDEFINED","350274847571034","546863699482216","SpTrafficFirehoseNA","2025","03","10","12"
"A13QNOE6VGFFIN","ATVPDKIKX0DER","sp-traffic","-3","24535d36-1c75-3aee-9351-0f94a1aa4807","substitutes","2025-03-10T21:00:00-07:00","493641735981301","Detail Page on-Amazon","0.0","0","USD","370797572258684","TARGETING_EXPRESSION_PREDEFINED","437935865934493","383154751282160","SpTrafficFirehoseNA","2025","03","11","14"
"A13QNOE6VGFFIN","ATVPDKIKX0DER","sp-traffic","9","2f710fe4-91ad-3131-908d-343e1655580a","close-match","2025-03-10T14:00:00-07:00","336461794962230","Detail Page on-Amazon","0.0","0","USD","558530427804951","TARGETING_EXPRESSION_PREDEFINED","371853015773578","286893824104386","SpTrafficFirehoseNA","2025","03","10","23"
"A13QNOE6VGFFIN","ATVPDKIKX0DER","sp-traffic","1","2da87424-857c-3bb6-b389-b7fae3844fab","walking boot","2025-03-10T17:00:00-07:00","451170283859295","Top of Search on-Amazon","0.0","0","USD","548840664702257","BROAD","309713218251068","282042937207583","SpTrafficFirehoseNA","2025","03","11","02"
"A13QNOE6VGFFIN","ATVPDKIKX0DER","sp-traffic","5","25821594-1837-3f2c-8bed-5ed321e3c765","shoulder brace","2025-03-10T00:00:00-07:00","559044882217972","Detail Page on-Amazon","0.0","0","USD","445891637567082","PHRASE","470643376311341","349483901837874","SpTrafficFirehoseNA","2025","03","10","08"
"A13QNOE6VGFFIN","ATVPDKIKX0DER","sp-traffic","-1","2dff06e6-9caf-3aad-b57c-2220e9a2320d","close-match","2025-03-10T23:00:00-07:00","341529632093185","Detail Page on-Amazon","0.0","0","USD","494209300652837","TARGETING_EXPRESSION_PREDEFINED","446297449266554","292027730537488","SpTrafficFirehoseNA","2025","03","17","20"
"A13QNOE6VGFFIN","ATVPDKIKX0DER","sp-traffic","-3","2cc7488a-a5e3-3820-bc55-bc4adfffa5e8","close-match","2025-03-10T23:00:00-07:00","302977388432024","Other on-Amazon","0.0","0","USD","404282139612880","TARGETING_EXPRESSION_PREDEFINED","510681110202433","435689403854064","SpTrafficFirehoseNA","2025","03","17","20"
"A13QNOE6VGFFIN","ATVPDKIKX0DER","sp-traffic","-1","25041a7d-c270-3d6a-a613-4c482f03a48a","substitutes","2025-03-10T23:00:00-07:00","302977388432024","Other on-Amazon","0.0","0","USD","404282139612880","TARGETING_EXPRESSION_PREDEFINED","510681110202433","444420092821467","SpTrafficFirehoseNA","2025","03","17","20"
"A13QNOE6VGFFIN","ATVPDKIKX0DER","sp-traffic","-1","29526766-d699-30a0-8a05-4c213b489e89","walking boot","2025-03-10T23:00:00-07:00","451170283859295","Detail Page on-Amazon","0.0","0","USD","421199272372871","PHRASE","309713218251068","400848550033891","SpTrafficFirehoseNA","2025","03","17","20"
"A13QNOE6VGFFIN","ATVPDKIKX0DER","sp-traffic","-1","2f1c2d19-5fda-302b-9729-24a823621b4e","medical boot","2025-03-10T23:00:00-07:00","388085364429533","Detail Page on-Amazon","0.0","0","USD","400300732615192","PHRASE","523642777644989","505917782406330","SpTrafficFirehoseNA","2025","03","17","20"
"A13QNOE6VGFFIN","ATVPDKIKX0DER","sp-traffic","-1","2dbc185e-6eab-3216-ae60-a48f85cf0c6e","shoulder immobilizer","2025-03-10T23:00:00-07:00","559044882217972","Detail Page on-Amazon","0.0","0","USD","445891637567082","PHRASE","470643376311341","364806207712717","SpTrafficFirehoseNA","2025","03","17","20"
"A13QNOE6VGFFIN","ATVPDKIKX0DER","sp-traffic","-1","25a090e6-d2f8-34ca-9250-4b8c240939dd","loose-match","2025-03-10T23:00:00-07:00","336461794962230","Other on-Amazon","0.0","0","USD","349750854587294","TARGETING_EXPRESSION_PREDEFINED","371853015773578","335529496446247","SpTrafficFirehoseNA","2025","03","17","20"
"A13QNOE6VGFFIN","ATVPDKIKX0DER","sp-traffic","-1","2815dd79-0119-343e-bb19-446209be2ccc","shoulder brace","2025-03-10T23:00:00-07:00","559044882217972","Other on-Amazon","0.0","0","USD","445891637567082","PHRASE","470643376311341","349483901837874","SpTrafficFirehoseNA","2025","03","17","20"
"A13QNOE6VGFFIN","ATVPDKIKX0DER","sp-traffic","-1","2e96e905-9fc7-34fc-bb80-92a085ec34e5","walking boot sprained ankle","2025-03-10T23:00:00-07:00","451170283859295","Detail Page on-Amazon","0.0","0","USD","421199272372871","PHRASE","309713218251068","527753443748863","SpTrafficFirehoseNA","2025","03","17","20"
"A13QNOE6VGFFIN","ATVPDKIKX0DER","sp-traffic","-1","211c2634-3c78-3696-88b8-492886a4227f","substitutes","2025-03-10T23:00:00-07:00","558728589177020","Other on-Amazon","0.0","0","USD","289730213473804","TARGETING_EXPRESSION_PREDEFINED","552316061249333","372112905999759","SpTrafficFirehoseNA","2025","03","17","20"
"A13QNOE6VGFFIN","ATVPDKIKX0DER","sp-traffic","-1","224d87d7-c53a-3a5d-a654-46485529e170","rotator cuff shoulder brace","2025-03-10T23:00:00-07:00","559044882217972","Detail Page on-Amazon","0.0","0","USD","445891637567082","PHRASE","470643376311341","362928778755042","SpTrafficFirehoseNA","2025","03","17","20"
"A13QNOE6VGFFIN","ATVPDKIKX0DER","sp-traffic","5","23371b7f-755a-3bdd-af71-8515e2970727","shoulder sling","2025-03-10T17:00:00-07:00","559044882217972","Other on-Amazon","0.0","0","USD","445891637567082","PHRASE","470643376311341","479060252365290","SpTrafficFirehoseNA","2025","03","11","01"
"A13QNOE6VGFFIN","ATVPDKIKX0DER","sp-traffic","-1","c4d02b6f-ab91-304c-a64f-eeca3dc9562d","complements","2025-03-10T22:00:00-07:00","336461794962230","Detail Page on-Amazon","0.0","0","USD","558530427804951","TARGETING_EXPRESSION_PREDEFINED","371853015773578","470076762479072","SpTrafficFirehoseNA","2025","04","04","07"
"A13QNOE6VGFFIN","ATVPDKIKX0DER","sp-traffic","-1","c1bea635-57cb-3fc2-939a-7ca372678a28","back brace for lower back pain women","2025-03-10T00:00:00-07:00","387225901684968","Detail Page on-Amazon","0.0","0","USD","407150875796026","EXACT","284196352105253","476860135562521","SpTrafficFirehoseNA","2025","04","04","07"
"A13QNOE6VGFFIN","ATVPDKIKX0DER","sp-traffic","-1","391fb1ca-8611-311e-8fc7-eb3972a6f7ba","complements","2025-03-10T22:00:00-07:00","336461794962230","Detail Page on-Amazon","0.0","0","USD","337172483061580","TARGETING_EXPRESSION_PREDEFINED","371853015773578","470076762479072","SpTrafficFirehoseNA","2025","04","04","07"
"A13QNOE6VGFFIN","ATVPDKIKX0DER","sp-traffic","1","2d5e94f5-2ef0-32b5-b476-ceac1a359d83","close-match","2025-03-10T19:00:00-07:00","302977388432024","Detail Page on-Amazon","0.0","0","USD","404282139612880","TARGETING_EXPRESSION_PREDEFINED","510681110202433","435689403854064","SpTrafficFirehoseNA","2025","03","12","21"
"A13QNOE6VGFFIN","ATVPDKIKX0DER","sp-traffic","12","299c5b29-da17-3c2b-83de-ea9b64523937","close-match","2025-03-10T11:00:00-07:00","302977388432024","Other on-Amazon","0.0","0","USD","398107535294248","TARGETING_EXPRESSION_PREDEFINED","510681110202433","435689403854064","SpTrafficFirehoseNA","2025","03","10","19"
"A13QNOE6VGFFIN","ATVPDKIKX0DER","sp-traffic","3","2ab27bc5-fcb7-3bfd-b430-1c081147929d","loose-match","2025-03-10T18:00:00-07:00","341529632093185","Top of Search on-Amazon","0.0","0","USD","494209300652837","TARGETING_EXPRESSION_PREDEFINED","446297449266554","521103553731688","SpTrafficFirehoseNA","2025","03","11","03"
"A13QNOE6VGFFIN","ATVPDKIKX0DER","sp-traffic","-1","28802efa-2466-3663-aca8-82e991f92ad3","rotator cuff shoulder brace","2025-03-10T07:00:00-07:00","559044882217972","Detail Page on-Amazon","0.0","0","USD","511514264014906","EXACT","470643376311341","304128113607999","SpTrafficFirehoseNA","2025","03","11","04"
"A13QNOE6VGFFIN","ATVPDKIKX0DER","sp-traffic","9","2194ff18-0637-3dbb-9cea-f5a192b570cd","back brace","2025-03-10T20:00:00-07:00","286732164199733","Detail Page on-Amazon","0.0","0","USD","482485731719789","BROAD","391438132877146","517286715896308","SpTrafficFirehoseNA","2025","03","11","05"
"A13QNOE6VGFFIN","ATVPDKIKX0DER","sp-traffic","2","2df32052-8e2e-3752-b184-1175d52cc70a","walking boot cover waterproof","2025-03-10T10:00:00-07:00","470625461975736","Detail Page on-Amazon","0.0","0","USD","338944572379281","EXACT","492076171506831","452833530844075","SpTrafficFirehoseNA","2025","03","10","19"
"A13QNOE6VGFFIN","ATVPDKIKX0DER","sp-traffic","-1","2f096a61-e402-3321-a671-748e916ea116","back support","2025-03-10T00:00:00-07:00","485501640666760","Detail Page on-Amazon","0.0","0","USD","481068654252419","PHRASE","395004835981419","326740355370785","SpTrafficFirehoseNA","2025","03","15","17"
"A13QNOE6VGFFIN","ATVPDKIKX0DER","sp-traffic","2","263b2c31-0d95-3f2a-b662-ac8bbb1e48d8","close-match","2025-03-10T20:00:00-07:00","336461794962230","Detail Page on-Amazon","0.0","0","USD","349750854587294","TARGETING_EXPRESSION_PREDEFINED","371853015773578","286893824104386","SpTrafficFirehoseNA","2025","03","11","04"
"A13QNOE6VGFFIN","ATVPDKIKX0DER","sp-traffic","1","2d5d8e19-0966-3a50-b20c-f2c10132fee8","posture corrector","2025-03-10T19:00:00-07:00","331271773661027","Top of Search on-Amazon","0.0","0","USD","515725657370019","PHRASE","355609284106897","281992945349701","SpTrafficFirehoseNA","2025","03","11","03"
"A13QNOE6VGFFIN","ATVPDKIKX0DER","sp-traffic","-1","2cc3ce09-c04c-3494-86c7-e41cd1a87630","medical boot","2025-03-10T16:00:00-07:00","451170283859295","Other on-Amazon","0.0","0","USD","548840664702257","BROAD","309713218251068","349759932703331","SpTrafficFirehoseNA","2025","03","11","10"
"A13QNOE6VGFFIN","ATVPDKIKX0DER","sp-traffic","0","28548461-d91c-3a90-8572-b13fb948dda0","ankle support","2025-03-10T23:00:00-07:00","289252548450498","Detail Page on-Amazon","-0.78","-1","USD","436414491116675","BROAD","504272338352224","407392584680530","SpTrafficFirehoseNA","2025","04","09","04"
"A13QNOE6VGFFIN","ATVPDKIKX0DER","sp-traffic","-1","cfda941e-0632-31b1-aee4-bbf1d0bf3bc8","back support","2025-03-10T19:00:00-07:00","485501640666760","Detail Page on-Amazon","0.0","0","USD","298682465221934","BROAD","395004835981419","462275355633130","SpTrafficFirehoseNA","2025","04","04","07"
"A13QNOE6VGFFIN","ATVPDKIKX0DER","sp-traffic","-1","2fcd3bcb-607b-3274-bc76-1cc0b0969ca1","rotator cuff shoulder brace","2025-03-10T05:00:00-07:00","559044882217972","Detail Page on-Amazon","0.0","0","USD","445891637567082","BROAD","470643376311341","524923382709508","SpTrafficFirehoseNA","2025","03","10","22"
"A13QNOE6VGFFIN","ATVPDKIKX0DER","sp-traffic","-2","b764d55f-e8ac-3b09-b9b9-bbf9105f8589","loose-match","2025-03-10T11:00:00-07:00","302977388432024","Detail Page on-Amazon","0.0","0","USD","398107535294248","TARGETING_EXPRESSION_PREDEFINED","510681110202433","330271851301486","SpTrafficFirehoseNA","2025","04","08","05"
"A13QNOE6VGFFIN","ATVPDKIKX0DER","sp-traffic","-5","498fd458-0c55-362c-9cad-2ba559cdad22","close-match","2025-03-10T11:00:00-07:00","302977388432024","Other on-Amazon","0.0","0","USD","404282139612880","TARGETING_EXPRESSION_PREDEFINED","510681110202433","435689403854064","SpTrafficFirehoseNA","2025","03","18","23"
"A13QNOE6VGFFIN","ATVPDKIKX0DER","sp-traffic","-6","d89cfedd-276c-3b15-9892-3f5c92d0f03e","shoulder ice pack","2025-03-10T15:00:00-07:00","385364236753004","Detail Page on-Amazon","0.0","0","USD","315790960573517","EXACT","443618248393900","488706526032163","SpTrafficFirehoseNA","2025","03","18","23"
"A13QNOE6VGFFIN","ATVPDKIKX0DER","sp-traffic","-3","1309722b-df0b-3c90-b093-b73325bc86fd","substitutes","2025-03-10T14:00:00-07:00","493641735981301","Detail Page on-Amazon","0.0","0","USD","419636103473566","TARGETING_EXPRESSION_PREDEFINED","437935865934493","383154751282160","SpTrafficFirehoseNA","2025","03","18","23"
"A13QNOE6VGFFIN","ATVPDKIKX0DER","sp-traffic","-2","bac5de7d-78e2-36be-b63b-8779b7c4ce5d","loose-match","2025-03-10T13:00:00-07:00","426579058137414","Other on-Amazon","0.0","0","USD","286453225825499","TARGETING_EXPRESSION_PREDEFINED","486979294897033","472195443501656","SpTrafficFirehoseNA","2025","03","18","23"
"A13QNOE6VGFFIN","ATVPDKIKX0DER","sp-traffic","-1","03967662-2306-3c38-a5d9-d0cb49a0b2bf","foot brace","2025-03-10T14:00:00-07:00","301573433164879","Other on-Amazon","0.0","0","USD","393327266818017","PHRASE","510862601302915","286560064444348","SpTrafficFirehoseNA","2025","03","18","23"
"A13QNOE6VGFFIN","ATVPDKIKX0DER","sp-traffic","-1","557ef1a8-dd20-387c-924a-98f54fa97950","posture corrector men","2025-03-10T14:00:00-07:00","331271773661027","Other on-Amazon","0.0","0","USD","515725657370019","PHRASE","355609284106897","485183981592494","SpTrafficFirehoseNA","2025","03","18","23"
"A13QNOE6VGFFIN","ATVPDKIKX0DER","sp-traffic","-1","23115b64-5dd9-3a5e-805d-5aaedb5a4201","offloading shoe","2025-03-10T11:00:00-07:00","408425337308545","Top of Search on-Amazon","0.0","0","USD","452545085239987","PHRASE","486906608629233","481875952944262","SpTrafficFirehoseNA","2025","03","18","23"
"A13QNOE6VGFFIN","ATVPDKIKX0DER","sp-traffic","-1","a3154920-8420-3404-a2d3-8050f71f6b8a","lumbar support back brace","2025-03-10T14:00:00-07:00","331271773661027","Detail Page on-Amazon","0.0","0","USD","515725657370019","BROAD","355609284106897","289306893702481","SpTrafficFirehoseNA","2025","03","18","23"
"A13QNOE6VGFFIN","ATVPDKIKX0DER","sp-traffic","-1","b79727d7-2007-3807-99f4-397351e6a755","shoulder brace for men","2025-03-10T15:00:00-07:00","385364236753004","Detail Page on-Amazon","0.0","0","USD","315790960573517","EXACT","443618248393900","486344947644051","SpTrafficFirehoseNA","2025","03","18","23"
"A13QNOE6VGFFIN","ATVPDKIKX0DER","sp-traffic","-1","4d84bdfd-6e50-3a9a-813a-69f173364c4f","close-match","2025-03-10T14:00:00-07:00","341529632093185","Detail Page on-Amazon","0.0","0","USD","366430138838058","TARGETING_EXPRESSION_PREDEFINED","446297449266554","292027730537488","SpTrafficFirehoseNA","2025","03","18","23"
"A13QNOE6VGFFIN","ATVPDKIKX0DER","sp-traffic","-1","e164257b-aa34-37e9-ac2e-51cc6e479fef","back brace","2025-03-10T15:00:00-07:00","286732164199733","Detail Page on-Amazon","0.0","0","USD","482485731719789","BROAD","391438132877146","517286715896308","SpTrafficFirehoseNA","2025","03","18","23"
"A13QNOE6VGFFIN","ATVPDKIKX0DER","sp-traffic","-2","97b01e49-7895-370e-ad88-48066c5acf85","substitutes","2025-03-10T15:00:00-07:00","352249005956704","Detail Page on-Amazon","0.0","0","USD","440684941119831","TARGETING_EXPRESSION_PREDEFINED","350274847571034","546863699482216","SpTrafficFirehoseNA","2025","03","18","23"
"A13QNOE6VGFFIN","ATVPDKIKX0DER","sp-traffic","-1","4d7c3f76-ac41-3463-a1c6-d7932304b43e","loose-match","2025-03-10T15:00:00-07:00","436938301127453","Other on-Amazon","0.0","0","USD","562125943078505","TARGETING_EXPRESSION_PREDEFINED","347368868613283","517053088679972","SpTrafficFirehoseNA","2025","03","18","23"
"A13QNOE6VGFFIN","ATVPDKIKX0DER","sp-traffic","-1","3bb5d247-f0fc-3690-82f8-7e54c7e804d6","boot for sprained ankle","2025-03-10T11:00:00-07:00","451170283859295","Other on-Amazon","0.0","0","USD","289857091841001","PHRASE","309713218251068","502518597795360","SpTrafficFirehoseNA","2025","03","18","23"
"A13QNOE6VGFFIN","ATVPDKIKX0DER","sp-traffic","-1","4c082dd8-2648-39ff-a7f5-230ee772363c","close-match","2025-03-10T13:00:00-07:00","539972836150402","Other on-Amazon","0.0","0","USD","317560328822743","TARGETING_EXPRESSION_PREDEFINED","331258003819203","309282818805160","SpTrafficFirehoseNA","2025","03","18","23"
"A13QNOE6VGFFIN","ATVPDKIKX0DER","sp-traffic","-1","4a573283-6e4f-388f-9e2e-f067208c3872","close-match","2025-03-10T12:00:00-07:00","341529632093185","Other on-Amazon","0.0","0","USD","366430138838058","TARGETING_EXPRESSION_PREDEFINED","446297449266554","292027730537488","SpTrafficFirehoseNA","2025","03","18","23"
"A13QNOE6VGFFIN","ATVPDKIKX0DER","sp-traffic","-3","83bd9cae-4665-3333-b4df-2361747ed1fa","lso back brace","2025-03-10T15:00:00-07:00","331271773661027","Detail Page on-Amazon","0.0","0","USD","515725657370019","BROAD","355609284106897","522592069331920","SpTrafficFirehoseNA","2025","03","18","23"
"A13QNOE6VGFFIN","ATVPDKIKX0DER","sp-traffic","-1","f7dad8b6-ce4c-3bd6-acff-3ae3dffbc29b","shoulder ice pack","2025-03-10T13:00:00-07:00","385364236753004","Other on-Amazon","0.0","0","USD","315790960573517","EXACT","443618248393900","488706526032163","SpTrafficFirehoseNA","2025","03","18","23"
"A13QNOE6VGFFIN","ATVPDKIKX0DER","sp-traffic","-1","ddbcee71-fd72-338f-8786-292fb116236c","shoe for broken toe","2025-03-10T12:00:00-07:00","408425337308545","Other on-Amazon","0.0","0","USD","328929458614751","PHRASE","486906608629233","426618161950570","SpTrafficFirehoseNA","2025","03","18","23"
"A13QNOE6VGFFIN","ATVPDKIKX0DER","sp-traffic","-1","d8e58c33-1457-3b6a-a2d6-f9be18a594ec","loose-match","2025-03-10T11:00:00-07:00","539972836150402","Other on-Amazon","0.0","0","USD","317560328822743","TARGETING_EXPRESSION_PREDEFINED","331258003819203","299806511041772","SpTrafficFirehoseNA","2025","03","18","23"
"A13QNOE6VGFFIN","ATVPDKIKX0DER","sp-traffic","-1","f0c47c5a-f177-3842-86ec-7ceca2edd344","substitutes","2025-03-10T15:00:00-07:00","290036260930735","Other on-Amazon","0.0","0","USD","559135105549862","TARGETING_EXPRESSION_PREDEFINED","535729855289941","289833627780002","SpTrafficFirehoseNA","2025","03","18","23"
"A13QNOE6VGFFIN","ATVPDKIKX0DER","sp-traffic","-1","0028f15a-d463-3263-8018-bf5e14c0c31e","walking boot cover waterproof","2025-03-10T15:00:00-07:00","470625461975736","Detail Page on-Amazon","0.0","0","USD","359533004481226","BROAD","492076171506831","328496695976442","SpTrafficFirehoseNA","2025","03","18","23"
"A13QNOE6VGFFIN","ATVPDKIKX0DER","sp-traffic","-1","b280f91a-057f-3c61-96e9-95941bc71dfd","substitutes","2025-03-10T12:00:00-07:00","558728589177020","Other on-Amazon","0.0","0","USD","289730213473804","TARGETING_EXPRESSION_PREDEFINED","552316061249333","372112905999759","SpTrafficFirehoseNA","2025","03","18","23"
"A13QNOE6VGFFIN","ATVPDKIKX0DER","sp-traffic","-3","dcd1173d-6378-3f2b-ad22-d087acbf7537","shoulder sling","2025-03-10T15:00:00-07:00","559044882217972","Detail Page on-Amazon","0.0","0","USD","445891637567082","PHRASE","470643376311341","479060252365290","SpTrafficFirehoseNA","2025","03","18","23"
"A13QNOE6VGFFIN","ATVPDKIKX0DER","sp-traffic","-5","e09d86d3-fb83-380a-bd05-028f94e76d20","close-match","2025-03-10T12:00:00-07:00","302977388432024","Other on-Amazon","0.0","0","USD","404282139612880","TARGETING_EXPRESSION_PREDEFINED","510681110202433","435689403854064","SpTrafficFirehoseNA","2025","03","18","23"
"A13QNOE6VGFFIN","ATVPDKIKX0DER","sp-traffic","-2","50ed628c-bbd2-3cc4-964b-6eac547ccebd","substitutes","2025-03-10T13:00:00-07:00","290036260930735","Other on-Amazon","0.0","0","USD","559135105549862","TARGETING_EXPRESSION_PREDEFINED","535729855289941","289833627780002","SpTrafficFirehoseNA","2025","03","18","23"
"A13QNOE6VGFFIN","ATVPDKIKX0DER","sp-traffic","-3","21b5ee8f-2de7-31c7-9bd6-89558d3fe37e","shoulder ice pack","2025-03-10T12:00:00-07:00","385364236753004","Detail Page on-Amazon","0.0","0","USD","315790960573517","EXACT","443618248393900","488706526032163","SpTrafficFirehoseNA","2025","03","18","23"
"A13QNOE6VGFFIN","ATVPDKIKX0DER","sp-traffic","-1","cd8ae186-521b-34a1-a476-d757d2f35276","close-match","2025-03-10T15:00:00-07:00","290036260930735","Detail Page on-Amazon","0.0","0","USD","466326830174653","TARGETING_EXPRESSION_PREDEFINED","535729855289941","536050120679003","SpTrafficFirehoseNA","2025","03","18","23"
"A13QNOE6VGFFIN","ATVPDKIKX0DER","sp-traffic","-1","fce5bf7d-9cfe-3a42-aae0-6e6e1e188c84","back brace","2025-03-10T11:00:00-07:00","286732164199733","Other on-Amazon","0.0","0","USD","482485731719789","BROAD","391438132877146","517286715896308","SpTrafficFirehoseNA","2025","03","18","23"
"A13QNOE6VGFFIN","ATVPDKIKX0DER","sp-traffic","-1","39dec9cf-55ee-3183-ae18-936315eaa08c","close-match","2025-03-10T15:00:00-07:00","290036260930735","Detail Page on-Amazon","0.0","0","USD","559135105549862","TARGETING_EXPRESSION_PREDEFINED","535729855289941","536050120679003","SpTrafficFirehoseNA","2025","03","18","23"
"A13QNOE6VGFFIN","ATVPDKIKX0DER","sp-traffic","-1","2a94ecbc-e12f-3707-b730-68379bf4cb31","rotator cuff shoulder brace","2025-03-10T12:00:00-07:00","559044882217972","Other on-Amazon","0.0","0","USD","445891637567082","BROAD","470643376311341","524923382709508","SpTrafficFirehoseNA","2025","03","18","23"
"A13QNOE6VGFFIN","ATVPDKIKX0DER","sp-traffic","-1","fd5d602f-1397-3865-9425-1cace6651ece","substitutes","2025-03-10T15:00:00-07:00","290036260930735","Detail Page on-Amazon","0.0","0","USD","559135105549862","TARGETING_EXPRESSION_PREDEFINED","535729855289941","289833627780002","SpTrafficFirehoseNA","2025","03","18","23"
"A13QNOE6VGFFIN","ATVPDKIKX0DER","sp-traffic","-1","6b0406c3-991c-304e-a6c6-476438d3e7b8","close-match","2025-03-10T11:00:00-07:00","302977388432024","Other on-Amazon","0.0","0","USD","398107535294248","TARGETING_EXPRESSION_PREDEFINED","510681110202433","435689403854064","SpTrafficFirehoseNA","2025","03","18","23"
"A13QNOE6VGFFIN","ATVPDKIKX0DER","sp-traffic","-1","ae34dcd0-4dd4-3998-8444-7498770f48ad","close-match","2025-03-10T14:00:00-07:00","352249005956704","Other on-Amazon","0.0","0","USD","440684941119831","TARGETING_EXPRESSION_PREDEFINED","350274847571034","422215724049191","SpTrafficFirehoseNA","2025","03","18","23"
"A13QNOE6VGFFIN","ATVPDKIKX0DER","sp-traffic","-1","c638aac0-a14a-398e-8858-07386c0cacb8","medical boot","2025-03-10T14:00:00-07:00","451170283859295","Other on-Amazon","0.0","0","USD","289857091841001","PHRASE","309713218251068","549558158536971","SpTrafficFirehoseNA","2025","03","18","23"
"A13QNOE6VGFFIN","ATVPDKIKX0DER","sp-traffic","-1","0a571483-01fc-3c87-9173-6aa507dc7e79","close-match","2025-03-10T15:00:00-07:00","558728589177020","Other on-Amazon","0.0","0","USD","432677535432053","TARGETING_EXPRESSION_PREDEFINED","552316061249333","347743147915051","SpTrafficFirehoseNA","2025","03","18","23"
"A13QNOE6VGFFIN","ATVPDKIKX0DER","sp-traffic","-4","0532afca-9623-381a-a51b-1381031c39b7","close-match","2025-03-10T15:00:00-07:00","302977388432024","Other on-Amazon","0.0","0","USD","404282139612880","TARGETING_EXPRESSION_PREDEFINED","510681110202433","435689403854064","SpTrafficFirehoseNA","2025","03","18","23"
"A13QNOE6VGFFIN","ATVPDKIKX0DER","sp-traffic","-1","6d0806cb-d0c5-3cd1-8eb5-2fd4b766df0e","close-match","2025-03-10T15:00:00-07:00","302977388432024","Detail Page on-Amazon","0.0","0","USD","404282139612880","TARGETING_EXPRESSION_PREDEFINED","510681110202433","435689403854064","SpTrafficFirehoseNA","2025","03","18","23"
"A13QNOE6VGFFIN","ATVPDKIKX0DER","sp-traffic","-1","c5cb0c5a-6449-3b08-bc70-d0220218b585","boot covers waterproof","2025-03-10T13:00:00-07:00","470625461975736","Detail Page on-Amazon","0.0","0","USD","359533004481226","BROAD","492076171506831","336656695519939","SpTrafficFirehoseNA","2025","03","18","23"
"A13QNOE6VGFFIN","ATVPDKIKX0DER","sp-traffic","-1","cc701c20-1681-319f-8afd-45596f25a842","substitutes","2025-03-10T13:00:00-07:00","558728589177020","Other on-Amazon","0.0","0","USD","337879834375837","TARGETING_EXPRESSION_PREDEFINED","552316061249333","372112905999759","SpTrafficFirehoseNA","2025","03","18","23"
"A13QNOE6VGFFIN","ATVPDKIKX0DER","sp-traffic","-1","b2de3d84-f0d0-391f-a3bf-317f06c19cec","shoulder sling","2025-03-10T12:00:00-07:00","559044882217972","Other on-Amazon","0.0","0","USD","511514264014906","PHRASE","470643376311341","479060252365290","SpTrafficFirehoseNA","2025","03","18","23"
"A13QNOE6VGFFIN","ATVPDKIKX0DER","sp-traffic","-2","6f2e25e5-5634-37cc-898d-71272d978961","shoulder sling","2025-03-10T14:00:00-07:00","559044882217972","Detail Page on-Amazon","0.0","0","USD","445891637567082","PHRASE","470643376311341","479060252365290","SpTrafficFirehoseNA","2025","03","18","23"
"A13QNOE6VGFFIN","ATVPDKIKX0DER","sp-traffic","-1","0358b2e3-8f74-31d9-8de8-b4ae43c0b62c","afo brace","2025-03-10T12:00:00-07:00","301573433164879","Top of Search on-Amazon","0.0","0","USD","393327266818017","BROAD","510862601302915","386361159567188","SpTrafficFirehoseNA","2025","03","18","23"
"A13QNOE6VGFFIN","ATVPDKIKX0DER","sp-traffic","-1","21317853-269f-3cad-a778-021d3bc1a951","substitutes","2025-03-10T14:00:00-07:00","426579058137414","Other on-Amazon","0.0","0","USD","286453225825499","TARGETING_EXPRESSION_PREDEFINED","486979294897033","518301312523087","SpTrafficFirehoseNA","2025","03","18","23"
"A13QNOE6VGFFIN","ATVPDKIKX0DER","sp-traffic","-1","835ca289-32b2-3e1d-a34b-38a115e7a971","close-match","2025-03-10T15:00:00-07:00","302977388432024","Detail Page on-Amazon","0.0","0","USD","398107535294248","TARGETING_EXPRESSION_PREDEFINED","510681110202433","435689403854064","SpTrafficFirehoseNA","2025","03","18","23"
"A13QNOE6VGFFIN","ATVPDKIKX0DER","sp-traffic","-2","4cc040ca-c925-3fd5-888b-a5447ed94a68","back brace","2025-03-10T15:00:00-07:00","387225901684968","Other on-Amazon","0.0","0","USD","407150875796026","PHRASE","284196352105253","335718827145460","SpTrafficFirehoseNA","2025","03","18","23"
"A13QNOE6VGFFIN","ATVPDKIKX0DER","sp-traffic","-1","119741fb-9ac6-38c6-9d5d-a2b64c82f434","close-match","2025-03-10T13:00:00-07:00","352249005956704","Other on-Amazon","0.0","0","USD","440684941119831","TARGETING_EXPRESSION_PREDEFINED","350274847571034","422215724049191","SpTrafficFirehoseNA","2025","03","18","23"
"A13QNOE6VGFFIN","ATVPDKIKX0DER","sp-traffic","-1","3363f44a-ff3c-3b47-a423-cda7af50ade1","loose-match","2025-03-10T12:00:00-07:00","341529632093185","Other on-Amazon","0.0","0","USD","366430138838058","TARGETING_EXPRESSION_PREDEFINED","446297449266554","521103553731688","SpTrafficFirehoseNA","2025","03","18","23"
"A13QNOE6VGFFIN","ATVPDKIKX0DER","sp-traffic","-1","6cf76951-96c9-38f1-9260-f95571ddf3a9","substitutes","2025-03-10T13:00:00-07:00","558728589177020","Other on-Amazon","0.0","0","USD","432677535432053","TARGETING_EXPRESSION_PREDEFINED","552316061249333","372112905999759","SpTrafficFirehoseNA","2025","03","18","23"
"A13QNOE6VGFFIN","ATVPDKIKX0DER","sp-traffic","-2","552bb73f-520b-3887-9872-b3826c0f3371","shoulder immobilizer","2025-03-10T13:00:00-07:00","559044882217972","Other on-Amazon","0.0","0","USD","445891637567082","PHRASE","470643376311341","364806207712717","SpTrafficFirehoseNA","2025","03","18","23"
"A13QNOE6VGFFIN","ATVPDKIKX0DER","sp-traffic","-1","d1208ab2-1433-3530-ba06-a858129b8f3d","boot covers waterproof","2025-03-10T15:00:00-07:00","470625461975736","Other on-Amazon","0.0","0","USD","359533004481226","PHRASE","492076171506831","495692776484619","SpTrafficFirehoseNA","2025","03","18","23"
"A13QNOE6VGFFIN","ATVPDKIKX0DER","sp-traffic","-5","0e4a3c7d-de1c-3f54-88d9-f55730962c98","shoulder ice pack","2025-03-10T13:00:00-07:00","385364236753004","Detail Page on-Amazon","0.0","0","USD","315790960573517","EXACT","443618248393900","488706526032163","SpTrafficFirehoseNA","2025","03","18","23"
"A13QNOE6VGFFIN","ATVPDKIKX0DER","sp-traffic","-1","7c0292ea-c7cd-33cb-a4aa-44d775fb2f5f","rotator cuff shoulder brace","2025-03-10T16:00:00-07:00","559044882217972","Detail Page on-Amazon","0.0","0","USD","445891637567082","PHRASE","470643376311341","362928778755042","SpTrafficFirehoseNA","2025","03","18","23"
"A13QNOE6VGFFIN","ATVPDKIKX0DER","sp-traffic","-1","18a90e11-69c6-39d7-b91b-d616e1286895","substitutes","2025-03-10T15:00:00-07:00","341529632093185","Other on-Amazon","0.0","0","USD","494209300652837","TARGETING_EXPRESSION_PREDEFINED","446297449266554","373983775126487","SpTrafficFirehoseNA","2025","03","18","23"
"A13QNOE6VGFFIN","ATVPDKIKX0DER","sp-traffic","-2","748011d9-3c96-3441-b644-8b88cdae4898","loose-match","2025-03-10T15:00:00-07:00","302977388432024","Other on-Amazon","0.0","0","USD","404282139612880","TARGETING_EXPRESSION_PREDEFINED","510681110202433","330271851301486","SpTrafficFirehoseNA","2025","03","18","23"
"A13QNOE6VGFFIN","ATVPDKIKX0DER","sp-traffic","-2","a883b3c3-6095-3941-9894-b666fb3bb763","back brace","2025-03-10T15:00:00-07:00","387225901684968","Detail Page on-Amazon","0.0","0","USD","407150875796026","PHRASE","284196352105253","335718827145460","SpTrafficFirehoseNA","2025","03","18","23"
"A13QNOE6VGFFIN","ATVPDKIKX0DER","sp-traffic","-2","b8576724-10cc-3b57-97ee-2a1da3896d04","loose-match","2025-03-10T14:00:00-07:00","302977388432024","Other on-Amazon","0.0","0","USD","404282139612880","TARGETING_EXPRESSION_PREDEFINED","510681110202433","330271851301486","SpTrafficFirehoseNA","2025","03","18","23"
"A13QNOE6VGFFIN","ATVPDKIKX0DER","sp-traffic","-1","57296295-0ee6-3b9a-a03d-56aaa631391d","posture corrector men","2025-03-10T14:00:00-07:00","331271773661027","Detail Page on-Amazon","0.0","0","USD","515725657370019","PHRASE","355609284106897","485183981592494","SpTrafficFirehoseNA","2025","03","18","23"
"A13QNOE6VGFFIN","ATVPDKIKX0DER","sp-traffic","-1","9bfd4202-1097-3a0d-b477-17d3eac89718","shoulder immobilizer","2025-03-10T13:00:00-07:00","559044882217972","Other on-Amazon","0.0","0","USD","505551856405307","PHRASE","470643376311341","364806207712717","SpTrafficFirehoseNA","2025","03","18","23"
"A13QNOE6VGFFIN","ATVPDKIKX0DER","sp-traffic","-1","a4bb74b5-42e9-3466-b684-e365b367ece9","back brace","2025-03-10T16:00:00-07:00","286732164199733","Other on-Amazon","0.0","0","USD","482485731719789","BROAD","391438132877146","517286715896308","SpTrafficFirehoseNA","2025","03","18","23"
"A13QNOE6VGFFIN","ATVPDKIKX0DER","sp-traffic","-1","5e433d67-6562-3d6f-a8af-b21c52bb4f67","shoulder brace","2025-03-10T14:00:00-07:00","559044882217972","Other on-Amazon","0.0","0","USD","445891637567082","BROAD","470643376311341","484787358832222","SpTrafficFirehoseNA","2025","03","18","23"
"A13QNOE6VGFFIN","ATVPDKIKX0DER","sp-traffic","-1","624e2f52-600e-3895-a7f6-f2e5d0b285ea","loose-match","2025-03-10T14:00:00-07:00","352249005956704","Other on-Amazon","0.0","0","USD","440684941119831","TARGETING_EXPRESSION_PREDEFINED","350274847571034","394458824784005","SpTrafficFirehoseNA","2025","03","18","23"
"A13QNOE6VGFFIN","ATVPDKIKX0DER","sp-traffic","-5","aaac2fc4-62ac-3e14-9e14-37a31d289442","shoulder brace for women","2025-03-10T16:00:00-07:00","385364236753004","Detail Page on-Amazon","0.0","0","USD","315790960573517","BROAD","443618248393900","526099261453931","SpTrafficFirehoseNA","2025","03","18","23"
"A13QNOE6VGFFIN","ATVPDKIKX0DER","sp-traffic","-1","f36e321d-6504-3bbb-8024-0308687066f2","close-match","2025-03-10T15:00:00-07:00","341529632093185","Detail Page on-Amazon","0.0","0","USD","366430138838058","TARGETING_EXPRESSION_PREDEFINED","446297449266554","292027730537488","SpTrafficFirehoseNA","2025","03","18","23"
"A13QNOE6VGFFIN","ATVPDKIKX0DER","sp-traffic","-2","6e43dc74-a1c9-3252-9edb-e486ec2fc0c2","shoulder brace for women","2025-03-10T15:00:00-07:00","385364236753004","Detail Page on-Amazon","0.0","0","USD","315790960573517","BROAD","443618248393900","526099261453931","SpTrafficFirehoseNA","2025","03","18","23"
"A13QNOE6VGFFIN","ATVPDKIKX0DER","sp-traffic","-2","59eb5168-ff42-38bb-a65e-9aaa9a1a26e9","close-match","2025-03-10T13:00:00-07:00","302977388432024","Detail Page on-Amazon","0.0","0","USD","404282139612880","TARGETING_EXPRESSION_PREDEFINED","510681110202433","435689403854064","SpTrafficFirehoseNA","2025","03","18","23"
"A13QNOE6VGFFIN","ATVPDKIKX0DER","sp-traffic","-1","4e64549c-2599-3f2d-bb24-9bed0b73f73c","loose-match","2025-03-10T13:00:00-07:00","436938301127453","Other on-Amazon","0.0","0","USD","562125943078505","TARGETING_EXPRESSION_PREDEFINED","347368868613283","517053088679972","SpTrafficFirehoseNA","2025","03","18","23"
"A13QNOE6VGFFIN","ATVPDKIKX0DER","sp-traffic","-1","a521e9eb-e2c1-3805-a031-3707a6aa2f5b","close-match","2025-03-10T12:00:00-07:00","290036260930735","Other on-Amazon","0.0","0","USD","559135105549862","TARGETING_EXPRESSION_PREDEFINED","535729855289941","536050120679003","SpTrafficFirehoseNA","2025","03","18","23"
"A13QNOE6VGFFIN","ATVPDKIKX0DER","sp-traffic","-1","fa1daf24-9b33-34a2-83e1-759dd0e34240","loose-match","2025-03-10T11:00:00-07:00","302977388432024","Other on-Amazon","0.0","0","USD","404282139612880","TARGETING_EXPRESSION_PREDEFINED","510681110202433","330271851301486","SpTrafficFirehoseNA","2025","03","18","23"
"A13QNOE6VGFFIN","ATVPDKIKX0DER","sp-traffic","-1","0cc87c9b-d6c9-3d51-bdd6-10f90319f89a","loose-match","2025-03-10T15:00:00-07:00","336461794962230","Other on-Amazon","0.0","0","USD","471840487952828","TARGETING_EXPRESSION_PREDEFINED","371853015773578","335529496446247","SpTrafficFirehoseNA","2025","03","18","23"
"A13QNOE6VGFFIN","ATVPDKIKX0DER","sp-traffic","-1","bc65241a-28a3-3418-8322-ccb748e0661b","close-match","2025-03-10T15:00:00-07:00","352249005956704","Detail Page on-Amazon","0.0","0","USD","300234801984025","TARGETING_EXPRESSION_PREDEFINED","350274847571034","422215724049191","SpTrafficFirehoseNA","2025","03","18","23"
"A13QNOE6VGFFIN","ATVPDKIKX0DER","sp-traffic","-1","5739e3b0-6e95-32df-bddb-8e48b13796b2","shoulder immobilizer","2025-03-10T14:00:00-07:00","559044882217972","Other on-Amazon","0.0","0","USD","445891637567082","PHRASE","470643376311341","364806207712717","SpTrafficFirehoseNA","2025","03","18","23"
"A13QNOE6VGFFIN","ATVPDKIKX0DER","sp-traffic","-1","f004df5b-cfa8-34da-bd95-6a0e5b8508c3","close-match","2025-03-10T15:00:00-07:00","290036260930735","Other on-Amazon","0.0","0","USD","559135105549862","TARGETING_EXPRESSION_PREDEFINED","535729855289941","536050120679003","SpTrafficFirehoseNA","2025","03","18","23"
"A13QNOE6VGFFIN","ATVPDKIKX0DER","sp-traffic","-1","8d1e2c79-ee3d-31fc-b119-4d6666fc8d81","shoulder immobilizer","2025-03-10T12:00:00-07:00","559044882217972","Other on-Amazon","0.0","0","USD","505551856405307","PHRASE","470643376311341","364806207712717","SpTrafficFirehoseNA","2025","03","18","23"
"A13QNOE6VGFFIN","ATVPDKIKX0DER","sp-traffic","-1","a002da1b-d9c5-350c-be9c-bc02cb0a35bf","close-match","2025-03-10T14:00:00-07:00","290036260930735","Other on-Amazon","0.0","0","USD","466326830174653","TARGETING_EXPRESSION_PREDEFINED","535729855289941","536050120679003","SpTrafficFirehoseNA","2025","03","18","23"
"A13QNOE6VGFFIN","ATVPDKIKX0DER","sp-traffic","-6","c0f9d20e-8ea8-3ebc-9f00-9b467e28f6c3","close-match","2025-03-10T14:00:00-07:00","302977388432024","Other on-Amazon","0.0","0","USD","404282139612880","TARGETING_EXPRESSION_PREDEFINED","510681110202433","435689403854064","SpTrafficFirehoseNA","2025","03","18","23"
"A13QNOE6VGFFIN","ATVPDKIKX0DER","sp-traffic","-1","97c1c0a5-cc31-3c6e-8e9b-3e2b91121a6a","loose-match","2025-03-10T13:00:00-07:00","341529632093185","Other on-Amazon","0.0","0","USD","514582629296428","TARGETING_EXPRESSION_PREDEFINED","446297449266554","521103553731688","SpTrafficFirehoseNA","2025","03","18","23"
"A13QNOE6VGFFIN","ATVPDKIKX0DER","sp-traffic","-2","dc4c4953-bd46-346e-91b3-9d0ba6228637","shoulder brace for men","2025-03-10T13:00:00-07:00","385364236753004","Detail Page on-Amazon","0.0","0","USD","315790960573517","EXACT","443618248393900","486344947644051","SpTrafficFirehoseNA","2025","03","18","23"
"A13QNOE6VGFFIN","ATVPDKIKX0DER","sp-traffic","-1","bb4d770f-78e0-32f4-bed6-f6f3b9c12800","close-match","2025-03-10T16:00:00-07:00","302977388432024","Other on-Amazon","0.0","0","USD","404282139612880","TARGETING_EXPRESSION_PREDEFINED","510681110202433","435689403854064","SpTrafficFirehoseNA","2025","03","18","23"
"A13QNOE6VGFFIN","ATVPDKIKX0DER","sp-traffic","-3","7c6ee464-6481-3b85-871f-5c2f364e7287","close-match","2025-03-10T15:00:00-07:00","336461794962230","Other on-Amazon","0.0","0","USD","458621477424191","TARGETING_EXPRESSION_PREDEFINED","371853015773578","286893824104386","SpTrafficFirehoseNA","2025","03","18","23"
"A13QNOE6VGFFIN","ATVPDKIKX0DER","sp-traffic","-6","70b3290a-da81-3010-b700-8520418b8dbc","close-match","2025-03-10T13:00:00-07:00","302977388432024","Other on-Amazon","0.0","0","USD","404282139612880","TARGETING_EXPRESSION_PREDEFINED","510681110202433","435689403854064","SpTrafficFirehoseNA","2025","03","18","23"
"A13QNOE6VGFFIN","ATVPDKIKX0DER","sp-traffic","-2","ac94e507-3dc8-3578-9601-4fc74329cb5c","shoulder ice pack","2025-03-10T14:00:00-07:00","385364236753004","Detail Page on-Amazon","0.0","0","USD","315790960573517","EXACT","443618248393900","488706526032163","SpTrafficFirehoseNA","2025","03","18","23"
"A13QNOE6VGFFIN","ATVPDKIKX0DER","sp-traffic","-1","fc4553b9-2025-3484-a0a3-158fa70f682a","substitutes","2025-03-10T16:00:00-07:00","493641735981301","Detail Page on-Amazon","0.0","0","USD","419636103473566","TARGETING_EXPRESSION_PREDEFINED","437935865934493","383154751282160","SpTrafficFirehoseNA","2025","03","18","23"
"A13QNOE6VGFFIN","ATVPDKIKX0DER","sp-traffic","-1","bdd978c9-9748-305f-92bc-e926248908a6","shoulder brace","2025-03-10T15:00:00-07:00","559044882217972","Other on-Amazon","0.0","0","USD","445891637567082","PHRASE","470643376311341","349483901837874","SpTrafficFirehoseNA","2025","03","18","23"
"A13QNOE6VGFFIN","ATVPDKIKX0DER","sp-traffic","-1","713bb238-1d57-33b5-a494-86ec0de15c7a","close-match","2025-03-10T11:00:00-07:00","352249005956704","Other on-Amazon","0.0","0","USD","440684941119831","TARGETING_EXPRESSION_PREDEFINED","350274847571034","422215724049191","SpTrafficFirehoseNA","2025","03","18","23"
"A13QNOE6VGFFIN","ATVPDKIKX0DER","sp-traffic","-2","9f3d8bb4-b90f-36ee-bdb0-9d6efa45d74a","walking boot for broken foot","2025-03-10T11:00:00-07:00","388085364429533","Detail Page on-Amazon","0.0","0","USD","400300732615192","PHRASE","523642777644989","285801577348689","SpTrafficFirehoseNA","2025","03","18","23"
"A13QNOE6VGFFIN","ATVPDKIKX0DER","sp-traffic","-1","53376da5-6d35-3bcb-8978-60e266c8c9dc","lumbar support back brace","2025-03-10T15:00:00-07:00","331271773661027","Other on-Amazon","0.0","0","USD","515725657370019","PHRASE","355609284106897","355457740279951","SpTrafficFirehoseNA","2025","03","18","23"
"A13QNOE6VGFFIN","ATVPDKIKX0DER","sp-traffic","-1","0d0369bb-d091-3b95-8139-7c35f5420cef","close-match","2025-03-10T11:00:00-07:00","539972836150402","Detail Page on-Amazon","0.0","0","USD","343973457971340","TARGETING_EXPRESSION_PREDEFINED","331258003819203","309282818805160","SpTrafficFirehoseNA","2025","03","18","23"
"A13QNOE6VGFFIN","ATVPDKIKX0DER","sp-traffic","-1","b589130e-0517-31b4-bf3f-90f891dcef5c","complements","2025-03-10T23:00:00-07:00","426579058137414","Detail Page on-Amazon","0.0","0","USD","476152905010736","TARGETING_EXPRESSION_PREDEFINED","486979294897033","493498317838908","SpTrafficFirehoseNA","2025","04","09","12"
"A13QNOE6VGFFIN","ATVPDKIKX0DER","sp-traffic","-1","2824858b-0839-3167-bcfd-5d26cdf7bd94","stirrup ankle brace","2025-03-10T23:00:00-07:00","455985621226784","Detail Page on-Amazon","0.0","0","USD","334203565259635","EXACT","345013813117226","363095555040382","SpTrafficFirehoseNA","2025","04","09","12"
"A13QNOE6VGFFIN","ATVPDKIKX0DER","sp-traffic","-1","cc9b0bce-3599-36a9-8d4a-827bdc3b6c7d","afo brace","2025-03-10T23:00:00-07:00","301573433164879","Detail Page on-Amazon","0.0","0","USD","393327266818017","BROAD","510862601302915","386361159567188","SpTrafficFirehoseNA","2025","04","09","12"
"A13QNOE6VGFFIN","ATVPDKIKX0DER","sp-traffic","-1","11ff9c1f-3956-3554-b8d4-a789d694849b","ankle support","2025-03-10T23:00:00-07:00","289252548450498","Detail Page on-Amazon","0.0","0","USD","489571014247913","BROAD","504272338352224","407392584680530","SpTrafficFirehoseNA","2025","04","09","12"
"A13QNOE6VGFFIN","ATVPDKIKX0DER","sp-traffic","-1","146fb0cb-1df0-3290-b054-3c3ab6ea30aa","ankle support","2025-03-10T23:00:00-07:00","289252548450498","Detail Page on-Amazon","0.0","0","USD","436414491116675","BROAD","504272338352224","407392584680530","SpTrafficFirehoseNA","2025","04","09","12"
"A13QNOE6VGFFIN","ATVPDKIKX0DER","sp-traffic","-1","f242cfff-68d7-3649-8567-39b527d77998","ankle brace for women","2025-03-10T23:00:00-07:00","289252548450498","Detail Page on-Amazon","0.0","0","USD","489039016323648","BROAD","504272338352224","398295355828139","SpTrafficFirehoseNA","2025","04","09","12"
"A13QNOE6VGFFIN","ATVPDKIKX0DER","sp-traffic","-2","faca83e2-8e20-31da-bcf6-fc1433883820","drop foot brace","2025-03-10T23:00:00-07:00","301573433164879","Detail Page on-Amazon","0.0","0","USD","393327266818017","EXACT","510862601302915","537674967050885","SpTrafficFirehoseNA","2025","04","09","12"
"A13QNOE6VGFFIN","ATVPDKIKX0DER","sp-traffic","1","2a843369-3856-3a8c-b8bc-e95f183da5ab","back support","2025-03-10T04:00:00-07:00","485501640666760","Top of Search on-Amazon","0.0","0","USD","481068654252419","BROAD","395004835981419","462275355633130","SpTrafficFirehoseNA","2025","03","10","12"
"A13QNOE6VGFFIN","ATVPDKIKX0DER","sp-traffic","-2","219fe6e4-b897-3ec9-ade4-b87c67924077","close-match","2025-03-10T17:00:00-07:00","302977388432024","Detail Page on-Amazon","0.0","0","USD","404282139612880","TARGETING_EXPRESSION_PREDEFINED","510681110202433","435689403854064","SpTrafficFirehoseNA","2025","03","11","03"
"A13QNOE6VGFFIN","ATVPDKIKX0DER","sp-traffic","1","2750bd65-e6a1-371b-8b31-5a197cfa8472","close-match","2025-03-10T14:00:00-07:00","341529632093185","Top of Search on-Amazon","0.0","0","USD","366430138838058","TARGETING_EXPRESSION_PREDEFINED","446297449266554","292027730537488","SpTrafficFirehoseNA","2025","03","10","23"
"A13QNOE6VGFFIN","ATVPDKIKX0DER","sp-traffic","-1","286c67e0-b032-386f-89b6-2cbb4f3d5b6b","loose-match","2025-03-10T14:00:00-07:00","336461794962230","Other on-Amazon","0.0","0","USD","349750854587294","TARGETING_EXPRESSION_PREDEFINED","371853015773578","335529496446247","SpTrafficFirehoseNA","2025","03","11","14"
"A13QNOE6VGFFIN","ATVPDKIKX0DER","sp-traffic","-2","21e2be4e-0f1c-3f45-b205-1d194cbc5dbe","loose-match","2025-03-10T16:00:00-07:00","302977388432024","Other on-Amazon","0.0","0","USD","404282139612880","TARGETING_EXPRESSION_PREDEFINED","510681110202433","330271851301486","SpTrafficFirehoseNA","2025","03","11","10"
"A13QNOE6VGFFIN","ATVPDKIKX0DER","sp-traffic","2","22b68454-26b7-3e2e-9183-64efb4e47661","afo brace","2025-03-10T21:00:00-07:00","301573433164879","Top of Search on-Amazon","0.0","0","USD","393327266818017","BROAD","510862601302915","386361159567188","SpTrafficFirehoseNA","2025","03","11","05"
"A13QNOE6VGFFIN","ATVPDKIKX0DER","sp-traffic","-1","2af92475-271d-32a5-88aa-0354c81106d9","ankle brace for women","2025-03-10T16:00:00-07:00","289252548450498","Detail Page on-Amazon","0.0","0","USD","489039016323648","BROAD","504272338352224","398295355828139","SpTrafficFirehoseNA","2025","03","11","13"
"A13QNOE6VGFFIN","ATVPDKIKX0DER","sp-traffic","3","29a5d2eb-3c9c-3ac6-8372-3b737abb7621","close-match","2025-03-10T03:00:00-07:00","341529632093185","Detail Page on-Amazon","0.0","0","USD","366430138838058","TARGETING_EXPRESSION_PREDEFINED","446297449266554","292027730537488","SpTrafficFirehoseNA","2025","03","10","10"
"A13QNOE6VGFFIN","ATVPDKIKX0DER","sp-traffic","1","2e8fdc92-d7b9-34bb-8ed3-410b774e4047","close-match","2025-03-10T22:00:00-07:00","336461794962230","Other on-Amazon","0.0","0","USD","366721861948994","TARGETING_EXPRESSION_PREDEFINED","371853015773578","286893824104386","SpTrafficFirehoseNA","2025","03","11","06"
"A13QNOE6VGFFIN","ATVPDKIKX0DER","sp-traffic","2","2d8c7088-2883-3bdf-8a0a-c2381f8dd0dc","close-match","2025-03-10T09:00:00-07:00","436938301127453","Detail Page on-Amazon","0.0","0","USD","562125943078505","TARGETING_EXPRESSION_PREDEFINED","347368868613283","514705998820803","SpTrafficFirehoseNA","2025","03","10","18"
"A13QNOE6VGFFIN","ATVPDKIKX0DER","sp-traffic","2","29e6f232-53f2-3ddc-9d25-9392e2f41360","foot drop brace","2025-03-10T11:00:00-07:00","301573433164879","Detail Page on-Amazon","0.0","0","USD","393327266818017","EXACT","510862601302915","363108448374274","SpTrafficFirehoseNA","2025","03","10","20"
"A13QNOE6VGFFIN","ATVPDKIKX0DER","sp-traffic","-1","21891b87-e5f2-36ee-b7d8-68eefbfc7e25","close-match","2025-03-10T12:00:00-07:00","302977388432024","Detail Page on-Amazon","0.0","0","USD","404282139612880","TARGETING_EXPRESSION_PREDEFINED","510681110202433","435689403854064","SpTrafficFirehoseNA","2025","03","13","15"
"A13QNOE6VGFFIN","ATVPDKIKX0DER","sp-traffic","-1","2ef7f16f-cb35-35e2-9c16-78559f53abe6","posture corrector men","2025-03-10T19:00:00-07:00","331271773661027","Detail Page on-Amazon","0.0","0","USD","515725657370019","EXACT","355609284106897","365739479411279","SpTrafficFirehoseNA","2025","03","18","19"
"A13QNOE6VGFFIN","ATVPDKIKX0DER","sp-traffic","-1","b19d48fe-875a-3996-81cb-c6e0056d67dd","shoulder ice pack","2025-03-10T00:00:00-07:00","385364236753004","Detail Page on-Amazon","0.0","0","USD","315790960573517","EXACT","443618248393900","488706526032163","SpTrafficFirehoseNA","2025","03","25","00"
"A13QNOE6VGFFIN","ATVPDKIKX0DER","sp-traffic","-1","a8484699-a875-3881-80c5-ad9734ded013","back brace","2025-03-10T00:00:00-07:00","286732164199733","Other on-Amazon","0.0","0","USD","482485731719789","BROAD","391438132877146","517286715896308","SpTrafficFirehoseNA","2025","03","25","00"
"A13QNOE6VGFFIN","ATVPDKIKX0DER","sp-traffic","-1","20008898-86a5-33bf-b316-44cea86903ed","substitutes","2025-03-10T02:00:00-07:00","426579058137414","Other on-Amazon","0.0","0","USD","286453225825499","TARGETING_EXPRESSION_PREDEFINED","486979294897033","518301312523087","SpTrafficFirehoseNA","2025","03","25","00"
"A13QNOE6VGFFIN","ATVPDKIKX0DER","sp-traffic","-2","3503a405-bc95-3ff8-addf-b32a3d82bcb5","back brace","2025-03-10T04:00:00-07:00","286732164199733","Detail Page on-Amazon","0.0","0","USD","482485731719789","BROAD","391438132877146","517286715896308","SpTrafficFirehoseNA","2025","03","25","00"
"A13QNOE6VGFFIN","ATVPDKIKX0DER","sp-traffic","-1","dfd7f6fa-63db-3ab1-ba85-e5faef288f86","walking boot","2025-03-10T03:00:00-07:00","451170283859295","Detail Page on-Amazon","0.0","0","USD","421199272372871","PHRASE","309713218251068","400848550033891","SpTrafficFirehoseNA","2025","03","25","00"
"A13QNOE6VGFFIN","ATVPDKIKX0DER","sp-traffic","-1","73734de8-6d13-32f8-8b5c-3b78a4326f98","posture corrector","2025-03-10T02:00:00-07:00","402457699826268","Other on-Amazon","0.0","0","USD","422252146600414","PHRASE","337568298315974","337628220351888","SpTrafficFirehoseNA","2025","03","25","00"
"A13QNOE6VGFFIN","ATVPDKIKX0DER","sp-traffic","-1","f49b156a-b951-391f-bb21-2675e5fd3779","walking boot","2025-03-10T03:00:00-07:00","388085364429533","Detail Page on-Amazon","0.0","0","USD","400300732615192","PHRASE","523642777644989","490882232932177","SpTrafficFirehoseNA","2025","03","25","00"
"A13QNOE6VGFFIN","ATVPDKIKX0DER","sp-traffic","-2","3f4dfbab-8147-3947-9373-fe57994aa3ed","close-match","2025-03-10T04:00:00-07:00","302977388432024","Detail Page on-Amazon","0.0","0","USD","404282139612880","TARGETING_EXPRESSION_PREDEFINED","510681110202433","435689403854064","SpTrafficFirehoseNA","2025","03","25","00"
"A13QNOE6VGFFIN","ATVPDKIKX0DER","sp-traffic","-1","34043905-8f57-3001-976c-521ba40dc153","substitutes","2025-03-10T03:00:00-07:00","558728589177020","Detail Page on-Amazon","0.0","0","USD","289730213473804","TARGETING_EXPRESSION_PREDEFINED","552316061249333","372112905999759","SpTrafficFirehoseNA","2025","03","25","00"
